symbol,marketcap,outstanding_shares
A,40794359003,300112992
AA,15878647411,184420992
AAIC,105752328,30388600
AAL,11003262000,649160000
AAN,665206050,31935000
AAON,2787287910,52570500
AAP,13292201538,61091100
AAPL,2809221504983,16319399936
AAT,2183698704,60523800
AAWW,1966216610,29215700
AB,4764048691,99271696
ABB,61327676974,1929149952
ABBV,306060987310,1766279936
ABC,34072598737,209136992
ABCB,2820520750,69676896
ABCM,4406613904,228915008
ABG,3569854180,23188400
ABM,3188318688,66869100
ABMD,14452303824,45516200
ABR,2672449920,159264000
ABST,417326529,50462700
ABT,217560535496,1763480064
ABTX,858681152,20367200
ABUS,439980320,148642000
AC,120470682,3088200
ACA,2683781595,48312900
ACAD,4362180240,161204000
ACB,758148662,214772992
ACC,7920815985,139156992
ACCD,1074012736,66958400
ACCO,742758198,96839400
ACEL,1106158072,92798496
ACET,757266129,39877100
ACGL,17928412160,378556000
ACGLO,9533536929,402939008
ACH,9736970214,680907008
ACI,17358574800,499240000
ACIU,357290120,83479000
ACIW,3068756880,115064000
ACLS,2049351200,33182500
ACM,10743482038,141343008
ACMR,1022561376,53649600
ACN,216477467972,633401024
ACNB,300561042,8679210
ACRE,720137025,47222100
ACRS,991429500,61275000
ACTG,211459885,46474700
ACU,117906569,3520650
ADBE,213910200000,472500000
ADC,4820466978,71382600
ADCT,1095317673,76810496
ADI,84384545040,523315008
ADM,52861683944,562478016
ADMA,415350400,195920000
ADNT,3138663168,94766400
ADP,100180730592,420044992
ADPT,1866077120,141584000
ADSK,44498159160,217308000
ADT,6122659629,856316032
ADTN,878296588,49314800
ADUS,1425151680,15952000
ADV,1899158442,318116992
ADVM,124425887,98750704
ADX,2151557540,117829000
AE,165411237,4367870
AEE,24983305600,258092000
AEG,10891280000,1998400000
AEHR,253655010,26841800
AEIS,3045634983,37558700
AEL,3590998368,96949200
AEM,28692869764,455587008
AENZ,383901840,181944000
AEO,2677834120,168842000
AEP,52155024217,504547008
AER,11990000091,245395008
AERI,390522633,48391900
AES,16838376052,667395008
AFG,12441947532,85090600
AFL,42319312560,649368000
AFMD,582655680,123444000
AFYA,671769252,46265100
AG,3426596940,260182000
AGCO,10096646717,74541504
AGEN,640313460,257154000
AGFS,101165582,52417400
AGI,3339899708,392007008
AGIO,1620548250,54637500
AGLE,131303186,49362100
AGM,989407685,9235580
AGNC,6555159600,522740000
AGNCM,11769002160,477832000
AGNCN,11611317600,477832000
AGO,3895500020,65691400
AGR,18316064882,386577984
AGS,209607993,36967900
AGX,630002323,15714700
AGYS,953477694,24714300
AHCO,2086302220,133909000
AHH,965430519,67324304
AHT,279729309,34491900
AIG,49713251680,806248000
AIMC,2268610817,65059100
AIN,2615706000,31860000
AIR,1734845343,35196700
AIT,3879491720,38456500
AIV,1063315320,152556000
AIZ,10718758216,57708400
AJG,38034460300,209614000
AJRD,3473871346,80544200
AJX,244225115,23149300
AKAM,19201924385,160900992
AKR,1950077604,93618704
AKRO,505236147,35012900
AKTS,331861468,54672400
AKU,106832400,89027000
AKUS,145687471,34605100
AL,4825877760,114249000
ALB,24810177200,117112000
ALBO,690058116,19361900
ALC,39819569400,490087008
ALCO,284461957,7545410
ALDX,276551240,58099000
ALE,3723078304,56988800
ALEC,1102614912,82039800
ALEX,1628040960,72680400
ALG,1624929358,11936600
ALGM,4825714740,189914000
ALGN,33269979336,78805200
ALGT,2722776960,18112000
ALJJ,109414704,42408800
ALK,6733045800,126087000
ALKS,4795901853,161968992
ALL,39082559613,278345984
ALLE,9568586880,88230400
ALLK,334708920,54691000
ALLO,1293333120,142752000
ALLT,292374400,36546800
ALLY,13990630792,331452992
ALNY,19586495500,120718000
ALOT,108265786,7256420
ALPN,269317216,30294400
ALRM,3127319635,50318900
ALRS,470044226,17402600
ALSN,3523336080,97061600
ALT,255446157,43222700
ALTG,414575154,32363400
ALTR,3187077520,51906800
ALV,6447783904,87534400
ALVR,444349400,65345500
ALX,1302410023,5107290
ALXO,717948003,40630900
ALYA,213098240,85239296
AM,5173306977,477683008
AMAT,108127548979,883395008
AMBA,3570905793,38065300
AMBC,380890140,46337000
AMC,10128000584,513329984
AMCR,17453307453,1513730048
AMCX,1160910086,30891700
AMD,168789779200,1627360000
AME,30583924358,231171008
AMED,5438622297,32525700
AMEH,2085817392,45030600
AMG,5371290855,39778500
AMGN,140170775547,557028992
AMH,14266488960,347624000
AMK,1602213117,73563504
AMKR,4747957740,244614000
AMN,4760715336,45970600
AMNB,399632200,10714000
AMOT,423355036,15462200
AMOV,70092856548,3210850048
AMP,31989926100,110577000
AMPH,1934060973,48146900
AMPY,225340064,38064200
AMRC,2550906052,33724300
AMRK,871609800,11514000
AMRN,1400485084,396737984
AMRS,1418079336,317955008
AMRX,641722174,150639008
AMSC,208594941,28457700
AMSF,934898748,19364100
AMSWA,622662282,31736100
AMT,121142318924,455884992
AMTB,992266965,34634100
AMTI,259367669,38653900
AMTX,415388192,33826400
AMWD,782960850,16570600
AMWL,951423937,230368992
AMX,69996531046,3210850048
AMYT,502108765,63962900
AMZN,1605753922360,508844000
AN,6145752024,61371600
ANAB,724186708,27672400
ANAT,5092166808,26887200
ANDE,1790817182,33987800
ANET,40815586000,307300000
ANF,1600784634,50625700
ANGI,437840128,79607296
ANGO,909455283,38716700
ANIK,360662310,14467000
ANIP,518526448,17261200
ANNX,102579176,38563600
ANSS,27074688727,87026096
ANTM,124154519760,241236000
ANVS,104906372,8163920
ANY,131615496,64517400
AON,71348184560,213944000
AOS,8299333170,131049000
AOSL,1255781948,26707400
AOUT,178250535,13352100
AP,101517745,19190500
APA,14224007328,346927008
APAM,2546863179,66515100
APD,55733000279,221716992
APEI,411823776,18856400
APEN,236154868,39623300
APG,4637585220,232576992
APH,44303594167,598940032
API,1043997710,115871000
APLE,3783535038,228888992
APO,34602000000,600000000
APOG,1121682705,24865500
APPF,2220610737,20003700
APPN,2283637736,40735600
APPS,3902688300,96961200
APRN,123651620,32539900
APSG,812725950,81681000
APTO,130965464,92229200
APTS,1390580765,55734700
APTV,29860252182,270915008
APYX,211046705,34428500
AQB,132264035,71109696
AQN,10738538772,673684992
AQUA,5313774500,120850000
AR,9919564892,314707008
ARAY,298601883,92733504
ARC,158564552,43205600
ARCB,1743116400,24592500
ARCE,653508814,29450600
ARCH,2194919776,15476800
ARCO,1035995320,130478000
ARCT,724521250,26375000
ARDX,138111640,130294000
ARE,32557998708,159943008
AREC,157123858,65742200
ARES,13692720640,171159008
ARGO,1462193799,34888900
ARGX,17832024522,54238600
ARI,1860762734,140540992
ARL,274099440,16152000
ARLO,725850336,84795600
ARLP,1947355450,127195000
ARMK,9111122080,256796000
ARMP,180561500,36112300
ARNC,2642429000,105025000
AROC,1450464640,155296000
AROW,499218720,16000600
ARQT,1036322771,50380300
ARR,781837232,96048800
ARRY,1550278020,148922000
ARTNA,415126349,8534670
ARVN,3721749456,53046600
ARW,7473443600,67026400
ARWR,5168594600,105460000
ASA,428621578,19289900
ASAN,3774588290,103669000
ASAQ,247000000,25000000
ASB,3241202400,149640000
ASC,165676938,33335400
ASGN,5841636000,51600000
ASH,5544791156,56223800
ASIX,1361752668,28141200
ASM,105781130,116243000
ASMB,109714512,48120400
ASML,251747020595,402601984
ASND,6506840356,56937700
ASO,3355093896,87145296
ASPN,1072227285,35824500
ASPS,187729614,15936300
ASR,6198000000,30000000
ASRT,150956559,45332300
ASTE,918444984,22767600
ASUR,130428501,20035100
ASX,14833457211,2140470016
ASYS,140021396,14030200
ATCO,3290146560,247008000
ATCX,418581528,35115900
ATEC,1248330366,99786600
ATEN,1019101296,76394400
ATEX,1065927949,18374900
ATGE,1309913088,45107200
ATHA,460142743,37624100
ATHM,3813139800,124980000
ATHX,131700404,243980000
ATI,3454461150,124845000
ATKR,4047814464,44856100
ATLC,694227072,14884800
ATLO,219303140,9092170
ATNI,645453688,15689200
ATNM,114041600,22144000
ATO,16368311520,135432000
ATOM,269021800,23393200
ATOS,149416320,126624000
ATR,7866816000,65556800
ATRA,844396103,93097696
ATRC,2854575934,46026700
ATRI,1322970749,1795100
ATRO,294196500,25145000
ATRS,687228240,170106000
ATSG,2153922440,74222000
ATTO,385282716,14149200
ATUS,3224929435,270320992
ATVI,62428202833,779281024
AU,9704589834,417940992
AUB,2673464640,75521600
AUBN,115145598,3516970
AUDC,812463205,32304700
AUPH,1716846480,141654000
AUTL,406358331,90907904
AUY,5564247807,961009984
AVA,3324423180,72191600
AVAL,5079748946,1113980032
AVAN,592200000,60000000
AVAV,2594824345,24914300
AVB,34845763680,139752000
AVD,627251096,30944800
AVDL,393154452,59032200
AVEO,205813959,34474700
AVGO,246213852226,408280992
AVID,1541906800,44680000
AVIR,560108288,83225600
AVLR,8375092218,87486600
AVNS,1599821580,47318000
AVNT,4196379960,91424400
AVNW,323493544,11201300
AVO,890663265,70631504
AVT,3730909021,98963104
AVTR,19742945165,610291968
AVXL,912575254,76174896
AVY,14308409127,82355296
AVYA,1036120429,84927904
AWH,106072280,112139000
AWI,4362341865,47084100
AWK,31105207051,181752992
AWR,3332475080,36945400
AX,2471708926,59501900
AXGN,315553760,41795200
AXL,762416820,114477000
AXLA,145485663,52521900
AXNX,3007126280,46957000
AXP,138121945087,757289024
AXS,4917849388,85275696
AXSM,1700665720,38476600
AXTA,5577399521,224532992
AXTI,279672855,42960500
AXU,218903921,155251008
AY,3952652650,112451000
AYI,5724093612,34580400
AYX,4343201928,59873200
AZEK,3454313302,155040992
AZN,220053595692,3098909952
AZO,42786090351,19848900
AZPN,11185883600,66662000
AZRE,1054173445,64161500
AZUL,1788323040,115227000
AZZ,1165248513,24692700
B,1923863865,50694700
BA,105070822721,590385024
BABA,280225628337,2687500032
BAC,317674841702,8064860160
BAH,11907934880,133258000
BAK,7634272787,398032992
BALY,1450396605,52041500
BAM,88264141701,1567190016
BANC,1130884447,62239100
BAND,754660800,23292000
BANF,2683826456,32725600
BANR,1907527294,34252600
BAP,12684471981,79761504
BATRA,290536929,10313700
BATRK,1121181390,41494500
BAX,39254397346,503196992
BB,3902722372,576473024
BBAR,698490513,204236992
BBBY,1914230020,96337696
BBCP,360869580,56740500
BBD,47192315290,10628899840
BBDC,1147533930,111303000
BBDO,38901773414,10628899840
BBIG,508784138,187052992
BBIO,1697492000,147608000
BBQ,154985904,10500400
BBSI,548078877,7422520
BBU,2119961139,76312496
BBVA,34508337777,6474359808
BBW,270388368,16327800
BBY,20736741960,225228000
BC,5729968240,76614096
BCBP,297228750,16984500
BCC,2645737118,39447400
BCE,52749164160,910096000
BCH,11041157925,505084992
BCLI,129526010,36486200
BCML,294099246,13685400
BCO,3061238348,47564300
BCOR,908715780,48080200
BCOV,314369988,41528400
BCPC,4395497688,32187300
BCRX,3301756560,184662000
BCS,31889705731,4190500096
BCYC,1116755178,29598600
BDC,2249140082,44991800
BDN,2181718320,171384000
BDTX,125862105,36271500
BDX,77863214108,284671008
BE,3745577400,161796000
BEAM,3668136324,68730304
BECN,3915221940,70443000
BEEM,248376150,10035400
BEKE,21747040297,1497730048
BELFB,170118840,10373100
BEN,13235988640,502124000
BEP,10986935479,275086016
BEPC,7218117055,172228992
BERY,7551093000,135300000
BEST,231149680,389600000
BFAM,8053957418,59281300
BFC,535493940,7584900
BFIN,137056400,13178500
BFS,1270003947,23787300
BFST,510981813,22500300
BG,16662533680,142732000
BGCP,1294004758,321092992
BGFV,369515274,22219800
BGNE,21922877600,102640000
BGS,1854025365,68846096
BGSF,131670276,10425200
BH,285575752,2068640
BHB,417650532,15012600
BHC,8379752173,359646016
BHE,845111183,35198300
BHF,3777878720,76630400
BHFAP,2988745200,118601000
BHLB,1336709007,48378900
BHP,195785230950,2531160064
BHR,392300700,71327400
BHVN,8640317532,71020200
BIDU,46894727296,345551008
BIG,980093400,28557500
BIGC,1558448892,72621104
BIIB,31103251013,146963008
BILI,10572283371,382915008
BILL,21303085440,103584000
BIO,14833265800,24863000
BIOX,576557010,46309800
BIP,20400994145,305267008
BIPC,5587031322,73542600
BIVI,120423362,24984100
BJ,9420242700,135290000
BJRI,587412098,23412200
BK,38547381796,807105984
BKD,1269373985,185580992
BKE,1609048188,50094900
BKEP,139383144,41856800
BKH,5039344722,64831400
BKI,10590301146,155283008
BKNG,90492657640,40887700
BKR,34938622871,967292992
BKU,3548708127,84674496
BL,4200880710,59292600
BLBD,572038117,31975300
BLD,5582406258,33006600
BLDP,3305690822,297809984
BLDR,10583399031,176772992
BLFS,922301450,42095000
BLI,428908608,67651200
BLK,113862733380,152042000
BLKB,3093598326,52999800
BLL,28179928760,321212000
BLMN,1814184064,89633600
BLNK,1101630772,42435700
BLU,858672210,106403000
BLUE,340736822,71433296
BLX,417276499,27799900
BMA,1088280926,63941300
BMI,2882235876,29249400
BMO,76803538345,671476992
BMRC,524682627,16001300
BMRN,15339067200,184032000
BMY,164192952000,2125200000
BNED,177476860,52046000
BNFT,416612581,33516700
BNGO,671902141,289612992
BNL,3565127096,163612992
BNR,981705720,104548000
BNS,83734755512,1204470016
BNTX,41737700880,246808000
BOH,3206657368,40391200
BOKF,6108373326,68105400
BOOM,543837125,19457500
BOOT,2723121778,29670100
BORR,586892649,151260992
BOX,4140650880,143424000
BP,96762819656,3240549888
BPMC,4047151260,59203500
BPOP,6093982520,76490304
BPRN,187797203,6486950
BR,18550558780,116773000
BRBS,275729831,18769900
BRC,2191328940,48066000
BRFS,4113386061,1082470016
BRG,776576324,29260600
BRKL,1191630364,78139696
BRKR,9853015027,150772992
BRMK,1107426900,132785000
BRO,20781153626,283121984
BROG,818622360,109588000
BRP,1491995901,58670700
BRT,435091444,18530300
BRX,7478862840,297844000
BRY,914768441,80313296
BSAC,10265596024,471115008
BSBK,157631440,14461600
BSBR,57288767611,7498529792
BSET,162286824,9659930
BSIG,976661712,43934400
BSM,3005025660,209118000
BSMX,7323803827,1356259968
BSRR,364582550,15254500
BSVN,209991312,9094470
BSX,64268071281,1429449984
BSY,11752122720,272292000
BTAI,493012886,27980300
BTBT,220079464,69645400
BTG,4876642400,1057840000
BTI,97450795366,2282220032
BTU,3753759000,138260000
BUD,101572916471,1737180032
BUR,2045927000,219050000
BURL,12876143640,66099300
BUSE,1356278418,55290600
BV,1252173000,99300000
BVH,445408850,17795000
BVN,2600826962,253987008
BW,687219404,86334096
BWA,8720618529,239972992
BWAY,147330306,16479900
BWB,458811672,28217200
BWFG,261518692,7867590
BWMX,635481450,36585000
BWXT,5067327837,91451504
BX,80992753605,700387008
BXC,602280059,9731460
BXMT,5280802560,168608000
BXP,19172442120,156676000
BY,940446342,37829700
BYD,6781973240,109972000
BYND,2788230276,63455400
BZH,443896367,31459700
BZUN,583928898,69598200
C,98682674900,1972470016
CAAP,1029522920,160612000
CABO,8968583588,6059690
CAC,689874120,14740900
CACC,7582820256,14114400
CACI,7138473944,23405600
CADE,4937097060,185118000
CAE,8260603040,316984000
CAG,16516001589,479697984
CAH,16451881705,277060992
CAJ,25119395016,1045769984
CAKE,1861303999,52743100
CAL,760204780,37633900
CALB,190651426,8285590
CALM,2498782383,44140300
CALT,534618988,26258300
CALX,2563820032,64612400
CAMP,219730032,35903600
CAMT,1398732060,43847400
CAN,895213460,171826000
CANG,354668220,145954000
CAPL,836377962,37896600
CAR,13532204400,53767500
CARA,729924140,53513500
CARE,437679080,25358000
CARG,4270441440,102066000
CARR,37267874781,853006976
CARS,903365424,69170400
CASA,341031876,84833800
CASS,520582600,13660000
CASY,7711769700,37111500
CATO,274987485,19516500
CATY,3211734888,75286800
CB,90056540880,423636000
CBAN,311980962,17586300
CBAT,103784850,88705000
CBAY,282824199,84677904
CBD,1437714943,269235008
CBFV,119743218,5156900
CBNK,310511128,13999600
CBOE,12523930660,106189000
CBRE,28835667404,332323008
CBRL,2574812188,23225800
CBSH,8460744600,121110000
CBT,3669653980,56586800
CBTX,719060370,24608500
CBU,3667599345,53911500
CBZ,2171979346,52450600
CC,5037255720,159306000
CCAP,500534698,28167400
CCB,561304480,12918400
CCBG,416596403,16941700
CCCC,1116120810,48738900
CCEP,21952414644,456771008
CCF,806532317,9459680
CCI,85099058744,433030016
CCJ,12183660265,398288992
CCK,14952644080,123596000
CCL,18546996590,989700992
CCLP,196993530,141214000
CCMP,5081954608,28577600
CCNE,424463590,16910900
CCO,1531877776,471347008
CCOI,3388164362,47984200
CCRN,773822823,38063100
CCS,1584114053,33286700
CCU,2686279656,184751008
CCXI,1693893306,71142096
CD,2129342594,362750016
CDAK,132714010,22493900
CDAY,9549744800,152066000
CDE,1253756134,279232992
CDEV,2556369342,284991008
CDK,6364728000,116784000
CDLX,1674312774,33742700
CDMO,1165734272,61744400
CDNA,1998516019,53025100
CDNS,45411476880,278376000
CDR,383747994,13637100
CDW,23928270080,134944000
CDXC,168724218,68309400
CDXS,1303214000,65160700
CDZI,111147318,50752200
CE,15246132770,108029000
CEA,6217243698,377488992
CECE,172784668,35047600
CEI,284415674,360111008
CEIX,1331975988,34813800
CELC,120108415,14920300
CELH,3983847212,75337504
CENT,507385932,11335700
CENTA,1765466430,42175500
CENX,2494271944,91231600
CEPU,616025000,150250000
CEQP,2992251052,97978096
CERE,5285330256,148007008
CERN,27424730560,293344000
CERS,925938260,173722000
CET,1113014448,27266400
CEVA,869685920,23204000
CF,22000883940,209114000
CFB,737597553,49938900
CFBK,115952130,5258600
CFFI,180882098,3552280
CFFN,1448174293,138847008
CFG,17582256283,422143008
CFMS,113376554,185559008
CFR,8921761425,64070100
CFRX,150644241,39332700
CG,15717187686,356318016
CGC,2648829174,394171008
CGEN,268888112,86459200
CGNX,13219269840,173892000
CHCO,1128586569,15065900
CHCT,1046797750,25073000
CHD,25099620320,242696000
CHDN,7874366400,38151000
CHE,7839937116,14988600
CHEF,1221147480,38256500
CHGG,4754740480,134848000
CHH,7615547016,55563600
CHKP,19133535840,132798000
CHMG,218226765,4672950
CHMI,134041612,18261800
CHNG,7399667670,311959008
CHPM,189459980,18611000
CHRA,143319462,33407800
CHRS,971259776,77329600
CHRW,12766611550,126565000
CHS,569666850,122509000
CHT,34373262013,775745024
CHTR,105796048220,191492992
CHUY,458639895,18991300
CHWY,4764125460,109294000
CHX,4736796800,203296000
CI,81227521969,318376992
CIA,208371550,49028600
CIB,10293963828,240456992
CIDM,140640926,175188000
CIEN,8847648160,152126000
CIG,5416672051,1692710016
CIGI,5292264621,42932300
CIM,2623080780,236954000
CINF,21978539706,160439008
CIO,716034336,43554400
CIR,496523580,20258000
CIVB,345273591,14888900
CIX,283146609,12380700
CIXX,2988564302,195843008
CIZN,108221546,5587070
CJJD,116070004,41751800
CKPT,141267262,83590096
CL,67600490990,840593024
CLAR,804251028,37199400
CLB,1509774294,46283700
CLBK,2303674590,106701000
CLDT,625668562,48804100
CLDX,1723586800,46735000
CLF,16461229398,524409984
CLFD,846118500,13762500
CLGN,110445345,11011500
CLH,5933409300,54405000
CLLS,208318094,45484300
CLMT,1028299293,78676304
CLNE,1722180960,222504000
CLPR,147138912,16063200
CLPT,266514750,23690200
CLR,22196676165,364297984
CLS,1192332660,105891000
CLSD,142549812,60147600
CLSK,461965774,41469100
CLVS,384061478,142244992
CLW,433698000,16810000
CLX,17986157280,123058000
CM,52389183041,450969984
CMA,11563360690,131089000
CMBM,570884055,26739300
CMC,5106476880,121496000
CMCL,194293134,12833100
CMCM,139413019,140807008
CMCO,1096121065,28507700
CMCSA,213296690202,4523789824
CMCT,178074066,23369300
CMCTP,1089184137,43795100
CME,87806063654,359419008
CMG,43267277286,28019400
CMI,27862329819,142075008
CMLS,186498820,18706000
CMP,2123716860,34099500
CMPR,1627148808,26101200
CMPS,547099098,42019900
CMRE,1893722400,124260000
CMRX,438619588,87027696
CMS,20994312741,290136992
CMTL,388460865,26516100
CNA,12947851840,271216000
CNC,51619410708,582875008
CNCE,122686083,34953300
CNDT,1158964937,215420992
CNF,220148862,68582200
CNHI,19730964000,1356080000
CNI,88902592000,699800000
CNK,1883573120,119744000
CNMD,4350798816,29411200
CNNE,2082582880,86486000
CNO,2861208590,117407000
CNOB,1228178959,39605900
CNP,20148118320,629432000
CNQ,73309774418,1162540032
CNR,3091423400,127010000
CNS,4259263750,48677300
CNSL,685086390,113613000
CNTG,115052600,27071200
CNTY,334167744,29624800
CNX,4159470080,198448000
CNXC,8060100640,51664000
CNXN,1401238936,26260100
CO,458247270,121551000
CODI,1630693138,69450304
CODX,200055617,33965300
COF,52457189769,405670016
COFS,187148898,7516020
COGT,402244286,45813700
COHR,6679764756,24772900
COHU,1322883360,48564000
COKE,4120053777,8368990
COLB,2361973062,78706200
COLD,7659962640,268488000
COLL,688917792,33377800
COLM,5604906816,64513200
COMM,1406335200,206814000
CONN,364067742,23610100
COO,20508479568,49301600
COOP,2964355681,73776896
COP,129553162798,1296050048
CORT,2680838600,105962000
COST,269502353200,443224000
COTY,7146388424,838777984
COUP,7861662180,75066000
COWN,619463760,27458500
CP,70956459971,929723008
CPA,2386312749,30995100
CPAC,566813668,85621400
CPB,13624952640,301704000
CPE,3719759962,61493800
CPF,746437556,27635600
CPG,4004975828,574601984
CPK,2458276379,17696900
CPLP,335334363,19394700
CPRI,7039759732,147615008
CPRT,29658624361,237496992
CPRX,846618800,102745000
CPS,126266163,16994100
CPSI,498990375,14784900
CPSS,237344184,21267400
CPT,17858748430,103463000
CQP,26805415703,484027008
CR,5819930904,56879700
CRAI,616363491,7400210
CRC,3537693904,78043104
CRDF,102635457,43306100
CRESY,468215448,58969200
CRH,29445235507,766803008
CRHC,823860000,82800000
CRI,3577103200,40648900
CRIS,133802284,91645400
CRK,3244617501,232923008
CRL,15342313980,50799000
CRM,198158400000,990000000
CRMD,207194800,38728000
CRMT,511695384,6439660
CRNC,1333622730,39166600
CRNT,172804842,83480600
CRNX,1098567954,47784600
CRON,1338582181,374952992
CROX,4417870734,61206300
CRS,1956845530,48269500
CRSP,4927702344,77067600
CRSR,1978256000,95200000
CRTO,1631949136,60757600
CRTX,170322075,30145500
CRUS,4517305836,57282600
CRVL,3080768220,17620500
CRWD,45588887740,210058000
CS,19837928612,2569679872
CSGP,25504375160,394988000
CSGS,2059960058,32272600
CSII,934534370,40579000
CSIQ,2069917200,59997600
CSL,12235956500,52067900
CSSEP,290392500,11615700
CSTE,360963720,34476000
CSTL,888100470,25410600
CSTM,2425510103,141676992
CSTR,463191924,22226100
CSV,792770888,15360800
CSWC,557229553,23925700
CSWI,1756519500,15824500
CSX,75683868088,2178579968
CTAS,44473123840,102416000
CTBI,717152410,17884100
CTG,152182720,15341000
CTIC,486598712,99917600
CTLT,20196682000,179128000
CTMX,181138056,65392800
CTRE,1827402542,97047400
CTRM,159891062,94610096
CTRN,252050507,8495130
CTS,1123670028,32132400
CTSH,46059419052,524535008
CTSO,131387818,43505900
CTT,392167200,49020900
CTVA,42509012196,726774016
CTXR,229267100,146030000
CTXS,12753727770,125913000
CUBE,12089641670,225132992
CUBI,1498104637,32947100
CUE,195423344,33010700
CUK,19545241098,1139000064
CURI,140345590,52761500
CURO,513086775,40242100
CUTR,1177350957,18060300
CUZ,5578612800,148763008
CVAC,3316528480,186952000
CVBF,3197744640,141744000
CVCO,2103318813,9163590
CVCY,263322864,11818800
CVE,33500751200,1995280000
CVEO,336540195,14110700
CVET,2269203431,138535008
CVGI,257115344,32879200
CVGW,659502000,17700000
CVI,2632906890,100531000
CVLG,279811120,14468000
CVLT,2861617512,44559600
CVLY,208473953,9528060
CVM,161418361,43275700
CVNA,9398935000,84500000
CVS,136059617558,1313190016
CVX,325435596979,1947549952
CW,5707950344,38432200
CWBC,121398340,8671310
CWCO,175418979,15267100
CWEN,2958796256,81870400
CWH,1134289610,42166900
CWK,4221502400,224548000
CWST,4475563232,50423200
CWT,3162113745,53713500
CX,6996274848,1472899968
CXW,1360557700,121370000
CYBE,274861508,7402680
CYD,469870450,40858300
CYH,1528549900,134674000
CYRX,1620089600,49696000
CYTK,3664930640,84856000
CZNC,383602848,15825200
CZR,15108519444,214123008
CZWI,155518740,10536500
D,71063681437,810673984
DAC,1881688778,20716600
DADA,2043426640,231944000
DAKT,170953664,45466400
DAL,23760600306,639929984
DAN,2178047560,144816992
DAO,952325640,125969000
DAR,12111662600,161575008
DARE,130952790,83944096
DAVA,7171724328,55994100
DB,26094716498,2066089984
DBD,441993440,78927400
DBI,900500400,64552000
DBVT,166389920,110192000
DBX,6695403503,295342016
DCI,6347174460,123558000
DCO,626036796,11972400
DCOM,1356344396,39647600
DCP,7086970062,208379008
DCPH,598405528,58552400
DCT,2428615020,132494000
DCUE,67309779072,655083008
DD,35754747528,512907008
DDD,1973407800,128310000
DDOG,36271021262,264288992
DDS,3830171037,14375900
DE,125615776640,306784000
DEA,1854486211,90154896
DECK,7299578748,27241300
DEI,5536968458,175720992
DELL,13666427920,286568000
DEN,3928126525,50199700
DENN,833735875,61712500
DEO,121562274816,577492992
DESP,860819355,70099296
DFIN,997610824,32559100
DFS,30786176480,282028000
DG,55295044716,228784992
DGICA,345042102,25787900
DGII,719478696,34994100
DGX,16476428150,119455000
DHC,669172000,238990000
DHI,24943260746,354358016
DHIL,589951791,3221140
DHR,214525088508,715894976
DHT,1041493800,166639008
DHX,283203531,49424700
DIN,1200683625,16851700
DIOD,3407234688,45021600
DIS,240086480210,1820630016
DISH,8830634787,290576992
DJCO,406078575,1380750
DK,1966016556,88320600
DKL,2091819708,43470900
DKNG,7029244262,408676992
DKS,5638654148,56229100
DLA,208396611,6948870
DLB,5075144557,65731700
DLHC,225098077,12767900
DLNG,143528580,36802200
DLR,42149770545,284468992
DLTH,360415962,29688300
DLTR,35704697100,225110000
DLX,1261665920,42855500
DMLP,981682472,37554800
DMRC,492394944,17686600
DMS,119009361,36394300
DMTK,414924730,29850700
DNB,7541093620,431166016
DNLI,3955222600,122833000
DNN,1462619711,817105984
DNOW,1138757700,110559000
DOC,3980563459,225144992
DOCU,20427822858,198868992
DOGZ,156756510,26568900
DOMO,1505834630,29730200
DOOO,3174390480,38080500
DOOR,1703619750,22564500
DORM,3022699392,31545600
DOV,22254289580,144106000
DOW,45024018480,735086016
DOX,10217411820,123354000
DOYU,671528667,324409984
DPZ,14319633420,36033300
DQ,3274578079,74506896
DRD,765314592,85797600
DRE,23103876480,382768000
DRH,1954714726,212468992
DRI,15716484000,124734000
DRIO,129560292,22071600
DRQ,1226087700,34792500
DRRX,122066753,227694000
DRTT,111272075,85593904
DS,127088892,92093400
DSGX,5946494992,84756200
DSKE,484252232,63383800
DSX,406416000,84670000
DT,12724224494,285744992
DTE,26412846860,193742000
DTIL,183725283,61038300
DUK,88430600059,769899008
DVA,11334487648,95851904
DVAX,1332917740,124922000
DVN,40004766000,664200000
DX,575653060,36665800
DXC,7434575980,244478000
DXCM,49914068590,97389504
DXPE,474501450,18607900
DY,2734214455,29613500
DYN,526182049,51637100
DZSI,351589040,27554000
E,51698196669,1769880064
EA,34702796774,281222016
EAF,2471973840,263256000
EAR,182179856,39262900
EARN,123101961,13109900
EAT,1561417992,44599200
EB,1214414656,86743904
EBAY,31949828325,587529024
EBC,3704350200,183930000
EBF,477703332,26018700
EBIX,1026039360,30904800
EBMT,147955301,6694810
EBON,164267800,139210000
EBR,13382973309,1568930048
EBS,2135199192,50501400
EBTC,455388786,12053700
EC,39430819707,2055830016
ECL,52569671520,286296000
ECOL,1502633125,31337500
ECPG,1497384448,24531200
ED,34555068300,354192992
EDAP,245760757,33346100
EDIT,1307342520,68519000
EDN,308195040,45322800
EDU,2019394281,1696969984
EEFT,6523693664,51158200
EEX,227225642,70348496
EFC,990101980,57968500
EFSC,1698569376,37737600
EFX,27584466870,122909000
EGAN,366586668,31493700
EGBN,1733341750,31951000
EGHT,1459021230,118331000
EGLE,851535918,13633300
EGO,2016709832,182672992
EGP,8571625320,41249400
EGRX,628506450,12697100
EGY,427697010,58669000
EH,631336310,55429000
EHC,7077016694,99438200
EHTH,302010720,26774000
EIG,1128036060,27729500
EIGR,301367130,34639900
EIX,26918469240,380796000
EL,62061856480,232424000
ELA,129776572,26924600
ELAN,12563115062,473187008
ELF,1342629232,52120700
ELLO,337422618,12849300
ELMD,107946751,8533340
ELP,20961972142,2736549888
ELS,14683945160,186014000
ELY,4109299708,185187008
EMCF,100983953,2735210
EME,6030268450,52666100
EMKR,134944912,37277600
EML,146446469,6242390
EMN,13792492000,128950000
EMR,56958660000,594000000
EMX,218531970,105571000
ENB,93461184000,2025600000
ENDP,579593380,233707008
ENIA,12144265528,2145629952
ENIC,2088828372,1383330048
ENLC,4641598360,484004000
ENLV,149760185,18330500
ENOB,410013407,52633300
ENPC,414258040,42014000
ENPH,27718055200,133936000
ENR,2105440337,71250096
ENS,2950214304,41250200
ENSG,4850357520,55086400
ENTA,1579380593,20530100
ENTG,15586740560,135844000
ENV,4410793062,54819700
ENVA,1212441444,32830800
ENZ,146127600,48709200
EOG,70609620215,585388992
EOLS,615981170,55694500
EOSE,205611603,53966300
EPAC,1275813784,60551200
EPAM,15942474765,56878500
EPAY,2552478800,44977600
EPC,1973207697,54075300
EPD,57064681083,2176379904
EPIX,323516865,44015900
EPM,238852883,33688700
EPR,3929072880,74968000
EPRT,3190367000,125605000
EPSN,149212350,23684500
EPZM,162434497,164791008
EQ,107283567,34275900
EQBK,504303464,16632700
EQC,3090913680,113096000
EQD,409446000,41400000
EQH,12021760374,389558016
EQIX,68878104830,90721000
EQNR,121205851894,3220989952
EQR,34456551487,375916992
EQT,13664676111,376023008
EQX,2497382184,302712992
ERES,342930000,34500000
ERF,3112298477,242768992
ERIC,31936041679,3330139904
ERIE,8582396671,46189100
ERII,1202676168,56810400
ERJ,2198302566,183651008
ES,31764894966,344745984
ESBA,188686368,22042800
ESCA,173793704,13493300
ESE,1739951338,25992700
ESEA,182363500,7294540
ESGR,4289406225,16522500
ESGRO,554117856,21460800
ESGRP,554547072,21460800
ESI,5206459908,248163008
ESLT,9718528698,44291900
ESNT,4368958020,108843000
ESPR,353057392,62821600
ESQ,264608930,8087070
ESRT,1498518309,169132992
ESS,22958518790,65278700
ESSA,178424694,10489400
ESTA,1598998372,24124900
ESTC,8458944500,93469000
ESTE,999096664,73301296
ET,34034444083,3082830080
ETAC,607104000,61200000
ETN,58285273566,399569984
ETON,103429200,24626000
ETR,25030432840,203516000
ETRN,3604880966,434323008
ETSY,15364641350,127033000
EURN,2420136000,201678000
EVA,5414566515,66558900
EVBG,1870872835,39428300
EVBN,213538048,5497890
EVC,384230464,63195800
EVER,395485914,24610200
EVGO,879178256,68739504
EVH,2721185788,90827296
EVI,223985748,12293400
EVLO,187751550,53643300
EVOP,1060102254,47453100
EVR,4314806667,40949100
EVRG,16185687920,229324000
EVRI,1791620320,91409200
EVTC,2906030702,71789296
EW,76881764590,621316992
EWBC,10772311583,141908992
EXAS,11939202141,174116992
EXC,49026453940,980137024
EXEL,7324942640,319448000
EXK,841908637,179895008
EXLS,4835716965,33205500
EXP,4788844588,39505400
EXPD,16358132560,167398000
EXPE,27339038836,150231008
EXPI,2600412060,148764992
EXPO,5610308930,52116200
EXPR,211961740,67076500
EXR,28643795067,134251008
EXTN,215894160,33317000
EXTR,1549263870,129213000
EYE,3517635532,81407904
EYPT,411936030,34044300
EZPW,362049376,53557600
F,59061631918,3947970048
FAF,6477866100,108890000
FANH,370492740,53694600
FARM,129021345,18300900
FARO,901384011,18206100
FAST,33790774401,575553984
FAT,108087980,15117200
FATE,3815643931,96427696
FB,514809400269,2309080064
FBC,2130056496,53224800
FBHS,9519719710,132347000
FBIO,144208620,104499000
FBIOP,1331968250,56679500
FBIZ,270966010,8425560
FBK,1956010125,47487500
FBMS,668861370,20485800
FBNC,1406022936,35631600
FBP,2549333727,198700992
FC,612635020,14297200
FCAP,128582572,3373100
FCBC,454789644,16794300
FCCO,156126390,7560600
FCEL,2046119040,366688000
FCF,1373936430,94299000
FCFS,3433920160,48488000
FCN,5495895472,34347200
FCNCA,9373223200,14973200
FCPT,2225270742,80363696
FCX,70527735951,1454780032
FDBC,248026297,5728090
FDP,1255833090,47605500
FDS,16847691462,37896600
FDX,52812701060,259178000
FE,27106473300,570902976
FELE,3744947764,46417300
FENC,160763430,26013500
FET,121913231,5720940
FF,445947008,43763200
FFBC,2059043004,94149200
FFIC,643769280,30481500
FFIN,6127823134,142607008
FFIV,12993115744,60738200
FFNW,156370520,9128460
FFWM,1317171894,56434100
FGBI,254416832,10716800
FGEN,1169965160,93002000
FHB,3539696340,128157000
FHI,2967338356,92325400
FHN,12510870240,533968000
FHTX,697546480,41422000
FIBK,3060492688,88607200
FICO,11068441928,26279600
FINV,1102332640,283376000
FIS,61891771793,609590976
FISI,448097676,15526600
FISV,65389023544,648764992
FITB,27728617091,685673024
FITBI,17019791360,655616000
FIVN,7773358768,69510496
FIX,3155568768,35956800
FIXX,144037103,57385300
FIZZ,4359696534,93335400
FL,2754900300,96090000
FLEX,7949793454,464086016
FLGT,1825388149,30327100
FLIC,440210512,23120300
FLL,323592570,34242600
FLMN,328489270,47061500
FLNG,1538130870,53130600
FLNT,129186628,79255600
FLO,5584576589,211536992
FLR,4060132500,141222000
FLS,4781460600,130641000
FLT,19445168556,77886600
FLWS,471084023,36889900
FLXS,110565000,5670000
FMAO,465813595,13066300
FMBH,762367240,20438800
FMC,17100046190,125893000
FMNB,549179135,34004900
FMS,19580096748,586054976
FMTX,437701060,47473000
FMX,28253704712,357823008
FN,3737635159,36995300
FNB,4176148480,351232000
FNCB,186389608,19765600
FND,8698753000,105850000
FNF,12519614794,283569984
FNKO,715520840,40197800
FNLC,326954044,11023400
FNV,31442902200,191340000
FNWB,225435180,10006000
FOCS,2785902265,65320100
FOE,1815594274,83629400
FOLD,2528661798,280028992
FONR,124529990,6554210
FOR,792825768,49675800
FORM,3029168046,78333800
FORR,1095100410,19111700
FORTY,1544724300,15294300
FOSL,492255408,52145700
FOUR,3119969600,52720000
FOX,8729901680,247096000
FOXA,12133267135,315806016
FOXF,3885449928,42132400
FPH,419926873,69180704
FPI,655136936,46397800
FR,8332512630,131781000
FRAF,147939200,4456000
FRBA,274724800,19623200
FRBK,267547500,59455000
FRC,28181507985,179603008
FREE,300688784,41531600
FRG,1631271136,40298200
FRGI,184062836,25707100
FRHC,3391096512,59534700
FRME,2340446680,59402200
FRO,1776825700,203531008
FROG,2472457872,98386704
FRPH,554978292,9431990
FRPT,4451850138,43445400
FRT,9425200728,78687600
FSBW,247625298,8092330
FSFG,176377818,7169830
FSLR,8351472360,106334000
FSLY,2132919000,120300000
FSM,1138332000,291880000
FSP,582538680,103287000
FSR,2150849040,164438000
FSS,1994897310,60931500
FST,202000000,20000000
FSTR,161003438,10827400
FSV,6357533050,44192500
FTAI,2389455879,99188704
FTCH,5059946861,338457984
FTDR,2547728436,82131800
FTHM,158447821,17019100
FTI,3404832510,452168992
FTNT,54374770505,160815008
FTS,24596387633,476859008
FTV,21454192544,359065984
FUBO,941630381,154112992
FUL,3583750415,53053300
FULC,928560020,40637200
FULT,2572651800,160590000
FUN,2976903690,56865400
FUNC,153075094,6623760
FUSN,330616293,43331100
FUTU,5310820960,146992000
FUV,204889752,38225700
FVCB,276108456,13930800
FVRR,2533105480,36797000
FWONA,1524932970,24321100
FWONK,14119708640,205288000
FWRD,2311478706,26855800
G,7982894595,185175008
GABC,1078058720,29423000
GAM,1024010514,24363800
GAN,191131572,42192400
GATO,310413887,69134496
GATX,4140384000,35400000
GAU,121649179,224943008
GB,942107208,179448992
GBCI,5225798340,110763000
GBIO,499900524,57001200
GBL,170217827,7578710
GBLI,277577216,10578400
GBT,2336811470,64821400
GBX,1417057194,32546100
GCBC,408303144,8513410
GCI,602527414,142779008
GCMG,1747328000,186880000
GCO,867908705,13657100
GCP,2339415060,73985296
GD,67756710960,278136000
GDDY,13860479913,167175008
GDEN,1504430016,28842600
GDOT,1489145000,54950000
GDRX,1639835928,86216400
GDS,6747517140,190554000
GDYN,1069931312,66954400
GE,98562556431,1101750016
GEL,1510905870,122539000
GENC,124621880,12338800
GEO,754998600,122764000
GERN,618386587,377064992
GES,1322083644,59768700
GEVO,925109583,201988992
GFF,1035991760,56303900
GFI,13190411674,891244032
GFL,10814525030,326230016
GGAL,1520405308,147468992
GGB,10524477599,1705750016
GGG,11625328300,169342000
GH,7512617500,101866000
GHC,2370767481,3943130
GHG,504945000,103050000
GHL,262366790,18283400
GHLD,197913245,20723900
GIB,17693838120,216916000
GIII,1298507340,47915400
GIL,6840407200,189590000
GILD,76590629172,1255789952
GILT,477756240,56539200
GIS,42004284768,602211968
GKOS,2905070742,47053300
GL,10066557256,99177904
GLDG,248254037,150456992
GLNG,2657392000,108200000
GLOB,10189584160,41776000
GLOP,281765972,51137200
GLP,929439704,33995600
GLPG,4699754638,65648200
GLPI,11411778400,247544000
GLSI,251906675,12951500
GLT,510680702,44718100
GLW,29098679411,845646016
GM,56260935639,1453020032
GMAB,25242444443,654457984
GMDA,237608712,60002200
GME,11450880000,76339200
GMED,6008701009,79113904
GMRE,1029315726,65394900
GMS,2028091920,43041000
GNE,167026656,24635200
GNFT,194928272,49726600
GNK,913838706,41957700
GNL,1635386000,103900000
GNRC,18941207552,63783700
GNTX,6494484650,236420992
GNTY,417837219,12086700
GNUS,272954418,303248992
GNW,1887475860,507385984
GO,3387172226,96035504
GOAC,570975000,57500000
GOCO,131556860,116422000
GOED,174474680,106387000
GOGL,2365144800,200436000
GOGO,2115552240,110878000
GOL,1423975000,197500000
GOLD,44306064000,1779360000
GOLF,2948761200,72380000
GOOD,854398711,38469100
GOOG,861473544534,315639008
GOOGL,817382938092,300755008
GORO,200529076,88338800
GOSS,747181306,76477104
GP,185876453,22314100
GPC,18339553434,141947008
GPI,2566128895,17040500
GPK,6387602708,308281984
GPL,103254360,448932000
GPMT,555251236,53855600
GPN,37917483240,281684000
GPP,324490969,23227700
GPRE,1535992395,53612300
GPRK,960739200,60046200
GPS,4881161894,369784992
GRBK,973576800,50760000
GRC,918766693,26079100
GRFS,7735356365,678540032
GRIN,428110284,18484900
GRMN,22237981373,192787008
GRPN,595961688,29857800
GRTS,274837389,72708304
GRVY,357173460,6948900
GRWG,512340916,60703900
GS,106159136237,337924992
GSAT,2375313684,1799480064
GSBC,743066060,12891500
GSHD,1386152300,20235800
GSK,117514346281,2541949952
GSL,906543984,36911400
GSM,1343521600,187120000
GSV,159959940,358735008
GT,3586645578,281968992
GTE,573599520,367692000
GTES,3768501587,283345984
GTH,205293618,88871696
GTHX,348049825,42705500
GTLS,6250989640,36598300
GTN,1861559280,87809400
GTY,1334331768,46720300
GTYH,187219512,57783800
GVA,1426281244,45264400
GWRE,7762416435,83547696
GWRS,375553500,22830000
GWW,26645709124,51102200
H,4473209241,50334300
HA,919130784,51233600
HAE,3069251580,51111600
HAFC,715733187,30417900
HAIN,3124313912,91327504
HAL,33996101344,900558976
HALO,5768555175,137772992
HARP,156897692,32961700
HAS,11767132800,138960000
HASI,3701848480,86755296
HAYN,546387689,12454700
HBAN,20010894835,1444829952
HBB,112652042,9925290
HBCP,337586386,8482070
HBI,4954316273,348649984
HBIO,264699810,41230500
HBM,1972009170,261887008
HBNC,795033875,43563500
HBP,291578023,27326900
HBT,522853320,28983000
HCA,76902839266,302017984
HCAT,1318209312,53347200
HCC,1926126252,51611100
HCCI,695314841,24201700
HCI,698135928,10324400
HCKT,751640292,31594800
HCM,3115766120,172906000
HCSG,1322362130,73999000
HD,312852762656,1033369984
HDB,115809148493,1848509952
HDSN,290371392,44810400
HE,4731796440,109431000
HEAR,339223522,16168900
HEES,1374140800,36161600
HEI,8399973088,54481600
HELE,4630702635,24137100
HEP,2297414800,126440000
HES,33508320549,309745984
HEXO,231045405,425497984
HFFG,339424448,53706400
HFWA,857208038,35045300
HGEN,189454680,65329200
HGV,5802182400,120128000
HHC,5305679640,54084400
HHR,761054571,50635700
HI,3066193497,72813904
HIBB,564994200,13139400
HIFS,721496048,2142400
HIG,24027825730,331647008
HII,8330730640,40067000
HIMX,1702901308,174299008
HIW,4548773280,105004000
HL,3520822080,538352000
HLF,2952307123,99841296
HLG,357026685,25778100
HLI,4243385349,50643100
HLIO,2448049750,32424500
HLIT,903549270,103737000
HLNE,2730061620,37194300
HLT,40628682614,279139008
HLX,739988521,151636992
HMC,44485525263,1711640064
HMLP,227937590,33373000
HMN,1676385756,41351400
HMNF,112694967,4569950
HMST,876357846,19315800
HMY,2915941016,616478016
HNGR,740249920,38716000
HNI,1469245944,42365800
HNP,6593193600,392452000
HNRG,119138337,30785100
HOFT,215555184,11922300
HOFV,110285460,108123000
HOG,5612566680,151732000
HOLI,1010590434,61961400
HOLX,19866228480,249984000
HOMB,4431152160,206292000
HON,132092378317,685481984
HONE,693554400,51374400
HOPE,1838945340,120114000
HOV,295087758,5616440
HP,4701547760,105133000
HPE,20802240512,1300140032
HPK,2114605584,96822600
HPP,3725285636,144559008
HPQ,42198001559,1053369984
HPX,251482000,25300000
HQI,264151680,13757900
HQY,5634501396,83821800
HR,4239306275,150864992
HRB,4373420040,164538000
HRI,4199145108,29882900
HRL,28830395046,544998016
HRMY,2937129069,58872100
HROW,189210700,27030100
HRTG,173763792,26815400
HRTX,607738950,102141000
HSAQ,202864000,20450000
HSBC,138796710851,4038309888
HSC,902377306,79225400
HSIC,12279726244,137172992
HSII,770141865,19591500
HSKA,1572534677,10786300
HST,12818992787,714150016
HSTM,616330656,30556800
HSY,32432811880,145628000
HT,332548905,39354900
HTA,7269317234,229027008
HTBI,465798623,16246900
HTBK,666503568,60371700
HTGC,2171411970,119769000
HTH,2219736959,78966096
HTHT,10602807022,323651008
HTLD,1028837125,78959104
HTLF,1924917340,42278000
HUBB,9992134957,54196100
HUBG,2121052502,34029400
HUBS,21638844366,47569400
HUM,57997596800,126743000
HUN,7362532320,214526000
HURC,198231986,6577040
HURN,1054406159,21331300
HUYA,415830364,86993800
HVT,414912265,15854500
HWBK,175608679,6596870
HWC,4325310653,87734496
HWKN,896817755,21116500
HWM,14418709825,418904992
HXL,4654737201,84035696
HY,423380547,13103700
HYLN,739663800,173630000
HYMC,393606016,196803008
HZN,145401075,27382500
HZNP,25759000371,229192992
HZO,837723348,21884100
IAA,5067696060,134386000
IAC,8511543824,83973400
IAG,1650534152,477032992
IART,5339206020,83243000
IBA,2284000000,50000000
IBCP,450635464,21196400
IBEX,280770266,18399100
IBKR,5806122600,90820000
IBM,115221936000,896320000
IBN,67710792141,3474129920
IBOC,2554052800,63376000
IBP,2292739952,29706400
IBTX,2968095260,42731000
ICAD,100941725,25172500
ICE,72789423524,560435968
ICFI,1836696929,18766700
ICHR,894948380,28592600
ICL,15407184925,1287149952
ICLK,104421895,95799904
ICLR,21015831674,81554704
ICPT,522292834,29692600
ICUI,5340694098,23882900
IDA,5947772524,50559100
IDCC,1901859300,30690000
IDEX,477226303,497680992
IDT,782702534,24330200
IDXX,46426182263,84218304
IDYA,436873632,38627200
IEA,602263596,48027400
IEP,15463023200,293416000
IESC,793382535,20785500
IEX,15123545856,76104800
IFF,32072394493,254744992
IFS,3913824380,115418000
IGAC,296100000,30000000
IGIC,374423864,48880400
IGMS,608658186,26077900
IGT,4561992840,203388000
IH,121605035,53570500
IHG,12216822240,184016000
IHRT,2214007200,120984000
III,325848670,48345500
IIIN,689376936,19413600
IIIV,606980000,22072000
IIN,222733617,9272840
IIPR,5378085360,27923600
IIVI,7056324240,106334000
ILMN,57776000000,157000000
ILPT,1425820280,65404600
IMAB,1319905679,82545696
IMAX,998119704,58575100
IMBI,113249850,21571400
IMGN,1270258606,220531008
IMKTA,1317031306,14324900
IMMP,229759098,85412304
IMMR,168284958,33522900
IMO,33222999600,669144000
IMOS,1240671440,36362000
IMPX,396800000,40000000
IMTE,122308696,9329420
IMTX,570746076,62926800
IMUX,314789832,27906900
IMV,112643318,82221400
IMVT,594783560,116396000
IMXI,778244673,38318300
INBK,389479621,9683730
INBX,894857008,39025600
INCY,18188487843,221324992
INDB,3712477392,47377200
INDO,154014809,7647210
INFN,1731419415,213228992
INFY,99860111124,4192280064
ING,38426866990,3763650048
INGN,748225305,22735500
INGR,5921605648,66714800
INMB,141235020,17946000
INMD,2946738480,83241200
INN,976182840,106338000
INO,754048627,221779008
INOD,191502675,27163500
INSE,274719732,26880600
INSG,386770290,105387000
INSM,2930656960,118939000
INSP,7010097500,27550000
INSW,973640148,49599600
INT,1647630292,63443600
INTC,194458567434,4088699904
INTG,107144793,2243870
INTT,110445552,10956900
INTU,139994768120,282812000
INVA,1365780806,69576200
INVE,321434319,22298600
INVH,24790028526,608195008
INZY,126411684,23672600
IONS,5572628055,141688992
IOSP,2327961297,24996900
IOVA,2865172640,157168000
IP,17012417440,374888000
IPAR,2756579254,31842200
IPG,13430096400,393960000
IPGP,5348996976,52939400
IPHA,244709995,79710096
IPI,1386080752,13618400
IPOD,464600000,46000000
IPOF,1196000000,115000000
IQ,3987703287,861275008
IQV,47591293194,190915008
IR,19480472000,407968000
IRBT,1594975389,27028900
IRCP,346393600,135310000
IRDM,5151608490,128373000
IRM,16165156795,290479008
IRMD,574704416,12559100
IRS,328042560,65872000
IRT,5980301384,221164992
IRTC,4555377855,29513300
IRWD,2025303840,159222000
ISDR,112061172,3793540
ISEE,2018400960,115734000
ISRG,104820287235,359195008
ISSC,138174400,17271800
ISTR,194553474,10310200
IT,24254211150,82287400
ITCB,2122269135,649011968
ITCI,6027434022,93593696
ITGR,2690199540,33102000
ITI,120870780,42410800
ITIC,373604590,1896470
ITOS,1227029430,35514600
ITRI,2308601746,45037100
ITRN,496497600,20687400
ITT,5992024558,83781104
ITUB,54571787182,9779890176
ITW,63917667000,311900000
IVA,453696960,40873600
IVAC,129964454,24849800
IVR,663115080,329908000
IVZ,9708888739,454961984
IX,22379622781,239072992
J,18558145540,129217000
JACK,1852248870,21043500
JAKK,130820533,9569900
JAMF,4105284390,119583000
JAZZ,10412866008,61738800
JBGS,3534371210,127273000
JBHT,18096061500,104850000
JBL,8114271360,141216000
JBLU,3871109287,320191008
JBSS,762924944,8928320
JBT,3529669220,31770200
JCI,46012651760,702376000
JD,89042883827,1559420032
JEF,7661390845,240168992
JELD,1726936512,90038400
JFIN,129660000,54025000
JFU,222071040,231324000
JG,129084340,118426000
JHG,5718826180,169046000
JHX,13347109290,445348992
JILL,150021000,10001400
JJSF,2926459458,19109700
JKHY,14833724250,72825000
JKS,2326902438,47692200
JLL,11016625484,49885100
JMIA,965221554,98592600
JNCE,394201661,51664700
JNJ,477959725384,2629619968
JNPR,11515713014,322568992
JOBS,4056347580,67437200
JOE,3369845475,58882500
JOUT,701614144,8949160
JPM,387083860803,2952809984
JRVR,918981282,37448300
JWN,4421728482,159399008
JYAC,106853544,10859100
JYNT,508368450,14421800
K,22789666437,339435008
KAI,2212045842,11658300
KALU,1448166328,15865100
KALV,367167768,24543300
KAMN,1181867112,27880800
KAR,2165504470,121181000
KB,18655675154,389633984
KBAL,295083854,36610900
KBH,2742464887,88267296
KBR,7688591820,139818000
KC,1324851400,243092000
KDNY,861633248,54951100
KDP,53336997600,1418160000
KE,452458774,25108700
KELYA,764433852,36041200
KEN,3153315088,53884400
KEP,11568209156,1283929984
KEX,3917279070,60201000
KEY,19074274668,920129024
KFRC,1558859092,21371800
KFS,131537930,24135400
KFY,3496142094,53902900
KGC,7715484000,1296720000
KHC,49375315255,1224889984
KIDS,1079908346,19994600
KIM,14848497642,617915008
KIRK,105555928,12331300
KKR,32991803789,591145024
KLAC,53214455025,150715008
KLIC,3313135272,62300400
KLR,240926584,41682800
KMB,42685408320,336928000
KMDA,259394895,44800500
KMI,43694148442,2267470080
KMPR,3509054556,63777800
KMT,2186116422,83090704
KMX,16025721600,161680000
KN,1822587050,92564096
KNDI,212755088,76256304
KNOP,591584175,33708500
KNSA,378551070,34103700
KNSL,5345497004,22840100
KNX,7668053109,166191008
KO,275011754435,4334989824
KOD,382757265,51934500
KODK,530702855,78739296
KOF,11506246348,210083008
KOP,518940520,21129500
KOPN,202929091,92240496
KOS,3482777189,455264992
KPTI,647528800,79160000
KR,43311684956,723308032
KRC,8485253200,116716000
KREF,1360931128,67439600
KRG,4760651860,219082000
KRMD,129993192,44671200
KRNT,3903719022,49684600
KRNY,902137200,72753000
KRO,1793124860,115462000
KRON,405270320,56602000
KROS,1608993520,24000500
KRP,776514600,47933000
KRTX,4057207713,29808300
KRUS,511284978,8711620
KRYS,1729527741,25208100
KSS,7458278000,128591000
KT,6942187520,471616000
KTB,2299720368,56200400
KTOS,2548949350,124643000
KURA,1091808377,66614300
KVHI,167058795,18876700
KW,3291076441,137875008
KWR,3077241530,17963000
KXIN,156371400,143460000
KYMR,1934744970,51703500
KZIA,106157748,13203700
KZR,940296566,56712700
L,15660802640,246394000
LAC,4500899400,134115000
LAD,8783176536,29487600
LADR,1495261920,128019000
LAKE,150998462,7775410
LAMR,9947251184,86852800
LANC,4298213500,27535000
LAND,1281386112,34520100
LARK,131083376,4997460
LASR,706725404,44336600
LAUR,2043870800,178504000
LAWS,328981282,9115580
LAZ,3342925950,99285000
LAZY,272620857,13747900
LBAI,1024678725,64648500
LBC,665754321,51648900
LBRDA,3049247696,22988900
LBRDK,19583000721,142339008
LBTYA,4349284000,174320000
LBTYK,8497898400,335620000
LC,1477263280,101044000
LCAP,128052288,12703600
LCII,2589888080,25282000
LCNB,193281248,11396300
LCTX,239289679,169708992
LCUT,271261760,22018000
LDOS,14734479940,136342000
LE,529258752,33412800
LEA,7530924645,59764500
LEAP,408011950,41255000
LECO,7649350856,58624700
LEE,157562386,5956990
LEG,4673715890,133879000
LEGH,457561440,24209600
LEGN,6246234000,154228000
LEN,19311229473,258620992
LESL,3743875054,182539008
LEU,424711334,13673900
LEVI,1905930182,98906600
LFC,43414577480,5652939776
LFUS,5786524989,24689700
LGIH,2154975064,23775100
LGND,1881424264,16852600
LH,25333596539,93175904
LHCG,5117762866,30537400
LHX,50350048000,193060000
LI,27257176244,1032860032
LII,9444626451,36636900
LILA,471175930,45045500
LILAK,1885036920,181428000
LIN,161488294706,507744992
LINC,184458624,27449200
LIND,731916000,50200000
LITB,127794000,112100000
LITE,6515328000,72200000
LIVN,4433129428,53263600
LJPC,113712684,25961800
LKCO,206382351,382401984
LKFN,1887127670,25815700
LKQ,12801751519,284990016
LL,406941722,29900200
LLNW,672334000,136100000
LLY,293732387677,952347008
LMAT,1031974034,21928900
LMND,1582263855,61686700
LMNR,237338989,17672300
LMST,137242387,6617280
LMT,124074242340,266534000
LNC,10937096607,172455008
LND,736995847,99191904
LNDC,316334349,29481300
LNG,36516288920,254398000
LNN,1612185022,10977700
LNT,16134607300,250810000
LNTH,4059660198,68115104
LOB,2053599252,43768100
LOCO,415940948,36743900
LODE,103592934,67707800
LOGI,11993350200,166228000
LOMA,712024500,117690000
LOOP,412750351,47388100
LOPE,3503348839,35326700
LOVE,722365224,15124900
LOW,134058725903,661561024
LPCN,105065814,88290600
LPG,605296120,40139000
LPI,1444200186,17304100
LPL,5324294461,715630976
LPRO,2146968180,126218000
LPSN,1814270000,72570800
LPTX,154557368,88318496
LPX,4947458778,86027800
LQDT,612429300,35565000
LRCX,70215930000,139500000
LRN,1493290730,42787700
LSCC,7205550359,137563008
LSI,12286366822,83688896
LSPD,4173401680,148414000
LSTR,5378675412,37127600
LSXMA,4508611860,101022000
LSXMK,9888058160,222004000
LTC,1470469587,39496900
LTHM,4109720000,161800000
LTRPA,128232082,72447504
LTRX,245638722,34645800
LU,13419534477,2462299904
LULU,46535313300,122710000
LUMN,11666417818,1023369984
LUNA,224148120,32298000
LUNG,943981950,37018900
LUV,25109378058,592342016
LVS,27587751120,763992000
LW,9476013040,145204000
LWAY,100635548,15434900
LX,449990600,182923008
LXFR,455893488,27529800
LXP,4464756265,285652992
LXRX,402407860,149594000
LXU,2270452470,89564200
LYB,32866600397,328009984
LYFT,11765842827,339955008
LYG,40284961178,17515200512
LYTS,158518710,26641800
LYV,24621255860,224626000
LZB,1125079072,43222400
M,6597380575,284860992
MA,338968780339,969729024
MAA,24921729870,115341000
MAC,2953926740,214519008
MAG,1598205596,97809400
MAIN,2962329968,71692400
MAN,4741459073,53509300
MANH,8647770664,63113200
MANT,2361980544,27635200
MANU,775561488,52795200
MAR,53885646275,327254016
MARA,2449546040,103052000
MAS,11982305840,236524000
MASI,8153005722,55364700
MAT,7770436284,352240992
MATX,3556514178,40851300
MAX,651504000,39200000
MAXN,577024362,44592300
MAXR,2777107490,73371400
MBCN,145529258,5879970
MBI,746000800,54853000
MBII,182275008,182275008
MBIN,1113280494,43267800
MBIO,105412124,99445400
MBT,4631104544,842019008
MBUU,1059864355,20900500
MBWM,538766014,15841400
MC,2740008501,61011100
MCB,1003858011,10931700
MCBC,303490440,34254000
MCBS,569401872,25465200
MCD,189138286705,743585024
MCFT,416024518,18498200
MCHP,37913024653,555990976
MCK,47956331720,149798000
MCO,63654751513,185376992
MCRB,650541808,92014400
MCRI,1602348888,18855600
MCS,400351488,24396800
MCY,3053162454,55371100
MD,1986968940,87186000
MDB,28951485601,67566304
MDC,2529777247,71161104
MDGL,1581893466,17103400
MDLZ,87312072694,1388329984
MDRX,2629809670,116209000
MDT,150695184605,1341539968
MDU,5394902242,203351008
MDXG,524721200,112360000
MEC,167056936,20273900
MED,2059892396,11542600
MEDP,5599179117,33723900
MEG,1518239415,29682100
MEI,1594281051,36930300
MELI,59148545660,50419000
MEOH,4058427614,73588896
MERC,936413168,66037600
MESA,140619240,35964000
MESO,564594940,130091000
MET,57384176013,825078016
METC,703061592,44273400
MFA,1556470500,105025000
MFC,40800368726,1936419968
MFG,32062942433,12673099776
MFGP,1803525240,335852000
MFIN,207411596,25543300
MG,179933922,29545800
MGA,18088297221,294982016
MGEE,3017474096,36163400
MGI,1022276952,96259600
MGIC,863195829,49073100
MGM,17056346627,435332992
MGNI,1671930720,132273000
MGNX,573382205,61324300
MGP,5923582500,156750000
MGPI,2095289045,21965500
MGRC,2007790704,24260400
MGTA,156405872,58799200
MGTX,605381480,44677600
MGY,4588005420,188574000
MHH,233069874,11526700
MHK,7706058432,63539400
MHLD,193257870,87447000
MHO,1171966328,28459600
MIC,331560360,88416096
MIDD,8236198152,54791100
MIME,5333833351,66898700
MINDP,211385640,12093000
MIRM,842442120,31730400
MIST,208224408,29917300
MITK,606434144,44297600
MITT,188691717,23915300
MIXT,243754368,22079200
MKC,25770775740,250226000
MKL,20181285975,13582500
MKSI,7020385050,55563000
MKTX,10867840296,37835400
MLAB,1326201572,5265630
MLAC,145331250,14375000
MLCO,3321198944,474456992
MLI,2979076545,57234900
MLM,23060420214,62394600
MLP,218043870,19433500
MLR,305510892,11416700
MLVF,120946857,7621100
MMC,87083757608,502705984
MMI,2045261211,39706100
MMM,85347336602,569171968
MMP,10403008748,212392992
MMS,4609481124,61922100
MMSI,3768866612,56572600
MMX,714031200,146920000
MMYT,1644195077,65065100
MN,243643582,19124300
MNKD,973704331,252255008
MNOV,142715712,49043200
MNRL,1303310085,48360300
MNRO,1515272820,33546000
MNSB,176767697,7648970
MNSO,2435816400,306392000
MNST,43290979674,529359008
MNTX,147584120,19943800
MO,97641381519,1817260032
MOD,418945173,51913900
MODN,988783478,36432700
MOFG,494364150,15694100
MOGO,204003380,76693000
MOH,20083939050,58673500
MOMO,1157936000,197600000
MOR,988947858,136595008
MORF,1507409567,37100900
MORN,12462497856,42808800
MOS,26341459108,368308992
MOV,845468000,22900000
MP,9586349568,177524992
MPAA,310595268,19101800
MPB,418253938,15957800
MPC,47953579274,558574016
MPLN,3052484138,638595008
MPLX,33716155432,1014630016
MPW,12675887676,599900032
MPWR,20292341790,46509000
MPX,397459440,34146000
MRAM,159142400,19892800
MRBK,191844586,6129220
MRC,952558920,83557800
MRCY,3681619006,56753800
MREO,119321640,116982000
MRK,219460775834,2528349952
MRNA,64080180000,403020000
MRO,18217971251,730764992
MRSN,351904956,83389800
MRTN,1361716836,83132896
MRTX,4764225438,55488300
MRUS,1260835900,43477100
MRVI,4850629210,131489000
MRVL,55666548000,847800000
MS,148079466340,1781299968
MSA,5252107068,39276900
MSB,358569600,13120000
MSBI,610495710,22289000
MSC,540715088,92588200
MSCI,41446631040,81267904
MSEX,1817389584,17535600
MSFT,2259331678147,7496869888
MSGE,2131223155,27340900
MSGS,3424831970,19688600
MSI,40403527920,167448000
MSM,3962342772,47187600
MSP,4649463600,164292000
MSTR,4321489618,9321390
MT,28021171476,909483008
MTA,308632210,44471500
MTB,20805117760,129056000
MTBCP,102185952,3870680
MTCH,29199155200,285148000
MTD,31119125144,22735600
MTDR,6333060600,118044000
MTEM,184680400,56305000
MTG,4107957091,314785984
MTH,2843128600,36695000
MTL,611475768,271767008
MTLS,1115465988,58770600
MTN,10093360615,40553500
MTNB,166986044,216864992
MTOR,2508579100,70664200
MTRN,1663607500,20450000
MTRX,200339084,26783300
MTSI,3710146528,69687200
MTW,484155498,35262600
MTX,2053471227,33008700
MTZ,6022605200,76429000
MU,81829574083,1116669952
MUFG,76414457160,12651400192
MUR,6404186520,155366000
MUSA,5305216000,24448000
MUX,381048600,474000000
MVBF,509980008,12096300
MVIS,666751500,164630000
MVO,132940000,11500000
MWA,2056604925,156872992
MX,705291024,44894400
MXL,3754786500,76785000
MYE,759994770,36276600
MYFW,290632908,9430010
MYGN,1907745841,80022896
MYOV,1364438139,93904896
MYRG,1526164555,16955500
NAK,216149835,529779008
NARI,4703460447,52617300
NAT,507538011,194459008
NATH,211559862,4115150
NATI,5342257480,132038000
NATR,332968592,19449100
NAVI,2508673038,152132992
NBHC,1170043112,30008800
NBIX,9380453917,95242704
NBN,265122324,7806900
NBR,1341930556,8571350
NBTB,1541233260,43171800
NC,243776117,5752150
NCBS,1234354051,13533100
NCLH,8479358705,417086016
NCMI,194363900,81665504
NCNO,4305348300,96749400
NCR,5177759906,136220992
NCSM,113695745,2405750
NDAQ,30087396000,164412000
NDLS,246349950,45705000
NDSN,13018673414,57940600
NEE,171063440773,1964440064
NEM,64220327796,792550016
NEN,291020418,3638210
NEO,1732643220,124026000
NEOG,3381591890,107797000
NEP,6958350252,83946800
NESR,751902676,91361200
NET,31290124261,278480992
NEU,3379398860,10317200
NEWR,4447561261,66174100
NEWT,625710330,24158700
NEX,2359935677,243795008
NEXA,1340282680,132439000
NEXT,766040760,123356000
NFBK,667966845,48935300
NFE,8657216885,206863008
NFG,6426677573,91443904
NFLX,160781203347,443963008
NG,2582245688,333192992
NGD,1226426342,681347968
NGG,58049393433,728988992
NGL,291164160,129984000
NGM,1256593666,78049296
NGMS,348357555,25520700
NGS,144089275,12717500
NGVC,464233734,22656600
NGVT,2386452833,39000700
NHC,1117337286,15471300
NHI,2560297504,45850600
NI,13016912093,405384992
NICE,13965809655,63437700
NINE,100435014,32821900
NIO,33981247852,1669020032
NIU,757410750,76275000
NJR,4419785014,96061400
NKE,164152177080,1268760064
NKLA,3707018089,417456992
NKSH,216758773,6022750
NKTR,1074800980,186274000
NKTX,397330836,33000900
NL,342594954,48802700
NLOK,15803344543,581860992
NLS,120618438,31248300
NLSN,9981480528,359692992
NLY,9769875621,1460370048
NMIH,1618042496,86249600
NMM,967817055,30197100
NMMC,130861375,13225000
NMR,12339979965,3017110016
NMRD,100268064,24102900
NMRK,2330422419,167776992
NMTR,143320429,258235008
NNBR,118202721,43297700
NNDM,828869834,257412992
NNI,2306295100,27101000
NNN,7994080700,175810000
NNOX,676395684,51791400
NOA,419709775,28454900
NOAH,1332955434,61088700
NOC,73300772080,155704000
NODK,359916570,21196500
NOG,2231290850,77341104
NOK,30711736730,5645539840
NOMD,3810018077,172399008
NOV,7605920895,392664992
NOVA,2620373570,113387000
NOVT,4829826572,35628700
NOW,105956000000,200000000
NP,641789948,16787600
NPK,555742613,7042740
NPO,1962688386,20797800
NPTN,805423512,53128200
NR,331547643,92353104
NRC,1012562936,25194400
NREF,323716562,14393800
NRG,9453692160,242154000
NRIM,246528601,5941880
NRIX,594765366,44854100
NRP,525252000,12506000
NRT,173242622,9190590
NRZ,4784269664,466758016
NS,1706170830,110289000
NSA,5827306944,91394400
NSC,67083210271,259348992
NSIT,3544786470,34896500
NSP,3872783536,38336800
NSSC,726922322,36731800
NSTG,1562582648,45944800
NTAP,17538062160,222536000
NTB,1678947200,49380800
NTCO,7733463840,687419008
NTCT,2335252516,73830304
NTES,62381102826,670980992
NTGR,676759525,29360500
NTIC,108140538,9203450
NTLA,4925391504,74672400
NTNX,5710453740,220566000
NTP,305034660,39258000
NTR,57654106285,552507008
NTRA,4044147155,95470896
NTRS,23661947760,207944000
NTST,1016673354,44473900
NTUS,881882166,34408200
NTZ,136050799,10970600
NUE,40561440097,268779008
NUS,2419956537,49824100
NUVA,2860803895,51948500
NVAX,4538838500,76283000
NVCR,8983166570,104419000
NVDA,603263360000,2492000000
NVEC,251304583,4833710
NVEE,2078353970,15449000
NVGS,962439588,77180400
NVMI,2942614675,28499900
NVO,277020309796,2274200064
NVR,14530080430,3360100
NVRO,2659525708,35049100
NVS,204273507226,2234939904
NVST,7523290740,161826000
NVT,5708788800,166340000
NVTA,1708110300,228356992
NWBI,1661949760,126673000
NWE,3285867030,54132900
NWFL,229685960,8203070
NWG,30063133256,5302139904
NWL,9068729209,415806016
NWLI,706239551,3436020
NWN,1754968356,34030800
NWPX,247760041,9882730
NWS,4285680893,197679008
NWSA,8291535859,389273984
NX,687112692,33387400
NXE,2971802650,479323008
NXGN,1444950489,66864900
NXPI,45398070960,262538000
NXRT,2262691585,25552700
NXST,7166931849,41003100
NXTC,146107061,27724300
NYC,165676602,13371800
NYCB,4744567519,466984992
NYMT,1296338400,381276000
NYMTN,3342559239,141215008
NYMX,110141356,90279800
NYT,7543130112,166699008
O,42821669047,597900992
OACB,247750000,25000000
OAS,2836876623,19400100
OBNK,960634915,23748700
OBSV,120735357,82132896
OC,8284074188,99068096
OCFC,1110832500,59244400
OCFT,549891517,389993984
OCGN,656887626,215372992
OCN,185731613,9208310
OCUL,376863122,76754200
OCX,127300308,92246600
ODC,144493983,5287010
ODFL,30322947360,114864000
ODP,2212457247,48486900
OEC,889218426,60656100
OEG,138363228,85409400
OFC,3047706200,112420000
OFED,138282312,5580400
OFG,1246351360,48685600
OFIX,652568110,19853000
OFLX,1329217424,10094300
OGE,8394512125,200203008
OGI,469335156,310817984
OGS,4851677364,53633400
OHI,6850558800,239112000
OI,1972161769,156148992
OII,1473805752,99648800
OIIM,107996808,28495200
OIS,420866960,61892200
OKE,31632039003,446212992
OKTA,22094180400,149720000
OLED,7669220696,48496400
OLLI,3139088580,62694000
OLMA,149285750,40347500
OLN,8311864669,154208992
OLP,642708987,21120900
OM,2233813128,47406900
OMAB,2847518088,48271200
OMC,16326127720,206948000
OMCL,5611755462,44421400
OMER,371340880,62726500
OMF,5795560730,127459000
OMI,3174671894,76682896
ON,23393815955,432497984
ONB,4578877586,295220992
ONEM,2078413800,192090000
ONEW,444483211,14106100
ONTO,3808170625,49437500
OOMA,361522000,23800000
OPBK,199667582,15137800
OPCH,5097643540,179938000
OPI,1177713024,48425700
OPK,2351019667,681454976
OPNT,113812520,5069600
OPOF,131860912,5187290
OPRA,658635120,115146000
OPRT,443454840,32018400
OPRX,685879098,17875400
OPT,273192804,43992400
OPTN,214287050,82418096
OPY,444704589,12322100
OR,2502814840,184846000
ORA,4584292392,56056400
ORAN,31654635057,2657819904
ORC,534518836,176992992
ORCL,217561766400,2668160000
ORGO,1028832350,128765000
ORI,7522869080,308188000
ORIC,211366776,39434100
ORLY,48186212412,66296400
ORMP,318153000,38564000
ORRF,247216571,11140900
OSBC,620675560,44461000
OSG,187584266,87248496
OSH,6218520840,240748000
OSIS,1449854790,17679000
OSK,6360662900,66603800
OSPN,595220832,40001400
OSTK,1759976141,43126100
OSUR,513364080,72304800
OSW,810845374,78646496
OTEX,11557990281,271187008
OTIC,131619400,56732500
OTIS,32951552239,424961984
OTLK,437338200,224276000
OTTR,2640713779,41605700
OUT,4445854487,163631008
OVBC,142437335,4771770
OVID,226601704,70373200
OVLY,149951620,8239100
OVV,13332985680,258692000
OXM,1472736928,16466200
OXSQ,203317581,49710900
OXY,54040910659,936908992
OYST,241029555,26633100
OZK,4999390620,124642000
OZON,2509219200,216312000
PAA,7825977389,705043008
PAAS,5821268280,210458000
PAC,7976542140,51230200
PACB,1939766140,221182000
PACK,1489755384,78490800
PACW,4547547840,117447000
PAG,7080029149,76789904
PAGP,2299245025,194192992
PAGS,3820540988,201292992
PAHC,403497984,20337600
PAM,1305696000,55680000
PANL,217201825,45726700
PANW,60712678068,98484400
PAR,1024961742,26951400
PARR,824167340,60158200
PASG,187852742,54292700
PATK,1300534139,23353100
PAVM,102120015,88034496
PAYA,711841130,132067000
PAYC,19752307332,60207600
PAYX,50484616161,361016992
PB,6143385600,92160000
PBA,21084367607,550361984
PBF,3111940680,120338000
PBFS,264972540,25977700
PBFX,895149970,62597900
PBH,2676626676,50199300
PBI,843011649,173103008
PBIP,124351360,7771960
PBPB,187457400,28839600
PBR,100638321203,6522250240
PBT,564898656,46608800
PBYI,140242128,44949400
PCAR,28950897916,347675008
PCB,315275618,14913700
PCG,24524392008,1987389952
PCH,3565016802,69371800
PCRX,3636251516,44847700
PCSB,286762630,15334900
PCTY,11401769967,55110300
PCVX,1496741064,56310800
PCYO,281318500,23942000
PD,2791956474,87058200
PDCE,7042801093,96384304
PDCO,3274241880,97622000
PDD,53101896622,1253289984
PDFS,951350133,37707100
PDLB,257004800,24712000
PDM,1985629100,123331000
PDS,1036482437,13568300
PDSB,170691600,28448600
PEAK,18893291121,539500032
PEB,2920243950,131365000
PEBK,159556606,5656030
PEBO,861244956,28442700
PED,105119618,85463104
PEG,35953806726,502078016
PEGA,6191772030,81631800
PEN,8249023317,37651300
PENN,6354193552,168323008
PEO,523585240,24466600
PEP,238679795782,1383250048
PERI,1144083024,44292800
PETQ,702984914,29157400
PETS,526979920,20978500
PFBC,1035139976,14800400
PFC,1025784560,35816500
PFE,311530999378,5647770112
PFG,18428362160,252236000
PFGC,7529520251,154800992
PFHD,296321795,13524500
PFIS,347232936,7168310
PFMT,207327463,70280496
PFS,1727315588,76906304
PFSI,2614852422,55422900
PFSW,250412520,22160400
PG,380798552909,2397070080
PGC,603260857,18208900
PGEN,473874280,206932000
PGNY,4272521188,91234704
PGR,69910584001,584878976
PGRE,2344177400,219082000
PGTI,1006318320,59899900
PH,35540869140,128478000
PHAT,489326961,31712700
PHG,26775500632,870182016
PHI,7654864080,216056000
PHM,9717355928,241424992
PHR,1505926136,51946400
PHUN,218835583,96829904
PI,1303613808,24764700
PIAI,320794650,32403500
PII,6162391248,59476800
PINC,4302468790,119083000
PINE,218597830,11671000
PING,2218321719,83868496
PINS,13423492874,569516032
PIPR,2022137484,17907700
PIRS,231121488,74077400
PJT,1494026100,23714700
PK,4119624340,236216992
PKBK,269111760,11907600
PKE,250817532,20458200
PKG,14177384940,93703800
PKI,21750728370,126157000
PKOH,159036480,12582000
PKX,18219015798,315316992
PLAB,925323706,61729400
PLAY,2017431640,48566000
PLBC,220474926,5832670
PLCE,685283179,13519100
PLD,124964929761,740182016
PLG,187946940,95891296
PLL,1236383588,17921200
PLM,394722190,101471000
PLMR,1713256035,25438100
PLNT,6847784983,84353104
PLOW,760996929,22983900
PLPC,309889172,4939260
PLRX,259656065,36113500
PLSE,106990257,29802300
PLUG,15791206536,578009024
PLUS,1482560208,26887200
PLXS,2227514304,28096800
PLYA,1314619540,165778000
PLYM,956335544,36543200
PM,154496473600,1550080000
PMT,1557988864,97374304
PMVC,173075000,17500000
PMVP,989461739,45450700
PNC,75899369351,418455008
PNFP,6590796768,76291200
PNM,4082307654,85834896
PNR,8802588000,165400000
PNRG,139792018,1994180
PNTG,516956352,28529600
PNW,8913124480,112996000
PODD,18516400176,69217600
POOL,17080665408,40125600
POR,5039399484,89573400
POST,4468118908,61859600
POWI,4865574528,58933800
POWL,229276462,11763800
POWW,502538100,115526000
PPBI,3188325300,94385000
PPC,6387636240,243896000
PPG,31679254200,236148000
PPL,21421094594,735361984
PRA,1417693368,53986800
PRAA,1810504750,40685500
PRAX,498998972,45487600
PRDO,776860355,68748704
PRFT,3727499130,34571500
PRG,1509674460,55158000
PRGO,4995544460,134542000
PRGS,2002308225,43766300
PRI,5205317612,39090700
PRIM,1366819684,53308100
PRK,1997045470,16219000
PRLB,1382116752,27488400
PRLD,259194148,36200300
PRMW,2319408000,161070000
PRO,1339111488,45179200
PROF,172262884,20779600
PROG,219109940,184126000
PROV,116733989,7369570
PRPB,821376000,82800000
PRPH,116299109,15485900
PRPL,479200640,82620800
PRT,110586213,12165700
PRTA,1762147010,46741300
PRTH,472570920,76840800
PRTK,156051276,52366200
PRTS,363197160,53099000
PRTY,376714200,112452000
PRU,43157239066,376425984
PRVB,440625135,63399300
PSA,71756081126,175356992
PSB,4614635676,27606100
PSMT,2473621360,30862400
PSN,4021763690,102361000
PSNL,362834747,45184900
PSO,7671193920,756528000
PSTG,9327595247,289947008
PSTL,328206846,18765400
PSTX,294595899,62546900
PSX,39968626209,481086016
PTC,12163008000,116952000
PTCT,3068587328,71362496
PTEN,3334470340,215266000
PTGX,1230673712,48413600
PTN,106232161,231695008
PTNR,1488646264,185155008
PTON,7290083760,302996000
PTR,95701683410,1830210048
PTRS,159859130,17961700
PTSI,564768000,22200000
PTVE,1770392120,177394000
PUK,39672398538,1374649984
PUMP,1451884000,103706000
PUYI,332937144,60314700
PVBC,269660664,17834700
PVH,4867941060,68007000
PW,120558648,3367560
PWFL,106103830,35967400
PWOD,171757691,7074040
PWR,18886448400,142690000
PXD,59358420760,242884000
PXLW,140852043,53966300
PYPD,105599658,18756600
PYPL,131691592765,1164999936
PZN,129805152,17238400
PZZA,3798051411,36003900
QCOM,156900948910,1127000064
QCRH,877667009,15641900
QD,301174720,253088000
QDEL,4918846028,41812700
QFIN,2176204800,154560000
QGEN,11199289680,227074000
QIWI,353982636,62430800
QLYS,5368884264,39029400
QMCO,132952600,60433000
QNST,651913130,54553400
QRHC,111419100,19046000
QRTEA,1703500433,371132992
QRVO,12394861920,108432000
QS,6273137490,334388992
QSR,18317887807,309632992
QTNT,100547020,102599000
QTRX,1091417026,36847300
QTWO,3363329872,56928400
QUAD,277830040,42416800
QUOT,583767250,94921504
QURE,868281330,46457000
R,3267641536,51120800
RACE,40582620000,183300000
RAD,389917578,55782200
RADA,701485400,49610000
RADI,1252690374,92381296
RAMP,2591403817,68176896
RAPT,687283492,29573300
RARE,5700655168,69384800
RBA,6465450960,110634000
RBAC,570400000,57500000
RBB,444132537,19453900
RBBN,454318826,148956992
RBCAA,782897736,17829600
RBKB,113073961,11296100
RC,1219927776,83328400
RCEL,207381824,24925700
RCHG,199999200,20040000
RCI,22889966360,393772000
RCII,1407244208,59028700
RCKT,984360034,64505900
RCKY,295209598,7305360
RCL,20193688204,255003008
RCM,7384595760,278244000
RCMT,128731650,10096600
RCUS,2421079069,71061904
RDCM,179624865,14427700
RDFN,1673624810,106397000
RDHL,131183658,52684200
RDN,3789606340,175526000
RDNT,1198398321,56183700
RDUS,435921760,47382800
RDVT,348477402,13522600
RDWR,1469658465,45998700
RDY,9426187200,165954000
RE,11645689226,39271900
REAL,650457246,93055400
REG,11857297316,171372992
REGI,3062489260,50469500
REGN,77027608800,106716000
REI,397766210,100193000
REKR,200476554,44949900
RELL,134239050,11424600
RELX,62138933230,1930380032
RENN,526265054,24019400
REPL,934276005,47209500
RES,2364114480,216494000
RETA,1126522566,31484700
REV,425280240,53697000
REVG,789920845,62941900
REX,529840000,5920000
REXR,12409432800,160536000
REYN,6187768740,209826000
REZI,3168665325,145019008
RF,19136520993,937145984
RFP,913344618,76816200
RGA,7260541026,67189904
RGCO,210911800,9586900
RGEN,10006531650,55327500
RGLD,9464257216,65619200
RGNX,1418195792,42949600
RGP,578984160,32527200
RGR,1244255586,17596600
RH,8059651392,24585600
RHI,12264008800,110686000
RHP,4883685480,55145500
RICK,570754593,9499910
RIDE,612013370,196472992
RIG,2942157496,681054976
RIGL,532220400,171684000
RILY,1703509944,27771600
RIO,131011761619,1620429952
RIOT,2043435680,117304000
RJF,22117917080,207602000
RKT,1368776000,138400000
RL,4851235660,46286000
RLAY,3319864800,108280000
RLGT,301109697,49443300
RLGY,1578056480,118118000
RLI,5019501783,45290100
RLJ,2140441833,166831008
RLMD,855533535,29369500
RM,457640130,9826930
RMAX,494226936,18806200
RMBI,207711875,12312500
RMBL,483974666,15930700
RMBS,2992407320,110177000
RMD,36862666720,146234000
RMNI,539785920,87344000
RMR,463001500,15485000
RNA,951751171,47754700
RNDB,136562461,5180670
RNG,9719605723,84466896
RNGR,190074852,18671400
RNLX,227411805,36154500
RNR,6939611087,44192900
RNST,1774923360,55815200
ROAD,1075523120,41192000
ROCK,1321873737,32792700
ROG,5112590080,18803200
ROIC,2338314660,123134000
ROK,31494925800,116196000
ROKU,13953423790,119087000
ROL,17502028400,492460000
ROOT,285825000,154500000
ROP,51245967810,105603000
ROST,33505227200,351392000
RPD,6237050115,58078500
RPM,11206599920,129676000
RPRX,17677879617,432963008
RPT,1125760740,84899000
RPTX,578722174,41875700
RRBI,377998891,7180830
RRC,8243252001,262775008
RRGB,230459540,15784900
RRR,2616845971,61270100
RS,11011185870,61704600
RSG,42719527916,315785984
RTLR,543873548,38139800
RTX,150487459753,1490269952
RUBY,528493476,90186600
RUN,5883668596,208419008
RUSHA,2059098944,43185800
RUSHB,596675656,13396400
RUTH,700716511,33575300
RVLV,2132676000,40300000
RVMD,1896270840,74189000
RVNC,1445053176,71431200
RVP,148391936,33123200
RVSB,166324500,22176600
RWT,1159422080,120272000
RXT,2321071500,211970000
RY,152527478845,1416620032
RYAAY,19924615860,226906000
RYAM,373478625,63842500
RYI,1276607150,38394200
RYN,6157830501,145368992
RYTM,467059616,50329700
RZB,1703077611,62774700
SA,1505816613,79630704
SABR,3413252134,323531008
SACH,176504083,35513900
SAFE,3253802754,61941800
SAFM,4183795402,22323100
SAFT,1340131346,14671900
SAGE,2123571052,59053700
SAH,1134116280,28639300
SAIA,5441323390,26406500
SAIC,5133610341,56049900
SAIL,4749145312,94191696
SAL,160080943,2876050
SAM,3935705904,10225800
SAMG,198368910,9869100
SAN,57220344678,17080699904
SAND,1653126400,192224000
SANM,2446925250,63556500
SAP,128786547894,1179580032
SAR,328319121,12101700
SASR,1942915380,45131600
SATS,905736357,37691900
SAVA,1122628320,40022400
SAVE,2879330630,108613000
SB,485379510,121649000
SBAC,39889597930,108017000
SBCF,2048896332,61234200
SBFG,137452143,7211550
SBGI,1195371840,47891500
SBH,1711681800,110076000
SBLK,2781401050,102295000
SBNY,16939686440,62751200
SBOW,599323773,16801900
SBR,903916600,14579300
SBRA,3200329440,230904000
SBS,7361402872,683510016
SBSI,1276740138,32355300
SBSW,11233632256,702102016
SBT,357554868,50502100
SBUX,95612938660,1150300032
SCCO,56767776648,773086976
SCHL,1296124060,32763500
SCHN,1428697764,27623700
SCHW,145334480000,1816000000
SCI,11160028065,160760992
SCL,2231771143,22423100
SCOR,236949132,90438600
SCPH,168608440,27371500
SCPL,323226708,24561300
SCS,952017354,87021696
SCSC,839043080,25604000
SCU,331617582,26508200
SCVL,841974399,28169100
SCWX,191918610,14473500
SCYX,104194800,28943000
SD,610996725,36696500
SDC,873247536,388110016
SDGR,2030681706,61873300
SE,64837040640,557737984
SEAS,4761366690,75649296
SEB,4940093955,1160780
SEDG,17358532191,55118700
SEE,9911770200,148158000
SEIC,8050819260,138354000
SELB,166547260,124289000
SEM,3235339930,133747000
SENEA,344953121,6736050
SENS,856820070,463145984
SESN,117344671,199464000
SF,6750284030,106421000
SFBC,100478901,2623470
SFBS,4587779408,54280400
SFIX,819750556,82970704
SFL,1418762322,138551008
SFM,3740859380,110906000
SFNC,2853201250,112375000
SFST,384411148,7976990
SFT,169208012,82945104
SGA,115236179,5087690
SGC,283600245,16104500
SGEN,28697823529,183819008
SGH,1184895126,49764600
SGMO,859456853,146664992
SGMS,5519255676,96676400
SGRY,4751090422,89356600
SGU,418219140,37677400
SHAK,2438627590,39143300
SHBI,390121244,19843400
SHC,6232925694,282928992
SHEN,1209677079,50048700
SHG,16830784957,512820992
SHI,2234032320,108238000
SHLX,5596516472,393289984
SHO,2383958020,216134000
SHOO,3010646350,80177000
SHOP,73417731760,114008000
SHW,68740378840,260548000
SHYF,1087461045,35022900
SI,4118774880,31624500
SIBN,730956960,33840600
SID,7070917353,1341730048
SIEN,132833829,62363300
SIFY,541246860,182238000
SIG,3396385350,49873500
SIGA,519242617,73029904
SIGI,5318512620,60334800
SII,1337460432,25924800
SILC,250533850,6709530
SILK,1532041976,35010100
SILV,1290940579,145868992
SIM,5382912540,154194000
SIMO,2499945816,34925200
SIRI,25898421535,3947930112
SITC,3421248000,213828000
SITE,6861096990,44873100
SITM,4172020398,20824700
SIVB,29421266688,58809600
SIX,3335945151,86244704
SJ,146779717,32118100
SJI,4044880340,117379000
SJM,14895621720,108458000
SJR,14902642320,476732000
SJT,415284408,46608800
SJW,2100838968,30236600
SKM,10283452059,392798016
SKT,1762392030,104469000
SKX,5182704827,135107008
SKY,2889658035,56827100
SKYW,1424714760,50521800
SLAB,5374412148,38159700
SLB,57895935444,1413129984
SLCA,1412890058,75434600
SLDB,133672330,110473000
SLF,31910693443,586054976
SLG,4806633647,64770700
SLGL,166288163,23127700
SLGN,5032487800,110410000
SLM,4774826233,279392992
SLMBP,26205008669,435660992
SLP,1030962940,20175400
SLQT,400201460,164016992
SM,4890322060,121862000
SMAR,6765335370,128643000
SMBC,415603366,8895620
SMBK,416477808,16888800
SMCI,1825340820,51563300
SMED,100085440,19247200
SMFG,42221069722,6854069760
SMG,6500537105,55583900
SMHI,193381968,25992200
SMLP,156705537,10155900
SMMF,316471619,12766100
SMMT,216850504,98122400
SMP,925292764,21962800
SMPL,4269767560,100964000
SMSI,203725500,54326800
SMTI,212781275,7632040
SMTS,189544000,163400000
SNA,10965955401,53416900
SNAP,49659600000,1369920000
SNBR,1138735593,22158700
SNCR,142083466,88250600
SND,180120120,44806000
SNDL,1400880000,2400000000
SNDR,2085612052,94628496
SNDX,1035386064,55015200
SNEX,1480939344,20132400
SNFCA,179400936,17692400
SNN,14156956938,437078016
SNOW,67286648000,314600000
SNP,61068213207,1210710016
SNPS,49966923241,153099008
SNV,6519920221,145468992
SNX,9502754028,96103904
SNY,138650648535,2497309952
SO,80323026012,1060230016
SOHU,739190272,38220800
SOI,350707480,32776400
SOL,389196072,69748400
SOLO,238408110,118611000
SON,6132252838,97492096
SONO,3417369020,127609000
SOS,119166311,246466000
SP,710179701,23261700
SPB,3525050620,40775600
SPFI,454548584,17693600
SPG,41210206428,328342016
SPGI,144012738050,347027008
SPH,1029481020,62965200
SPLK,21874484000,160700000
SPLP,829012695,20730500
SPNE,409483830,36791000
SPNS,1410765300,55065000
SPOK,156755450,19742500
SPOT,27240057141,192659008
SPPI,216125440,177152000
SPR,4634238720,104942000
SPRO,243701664,32755600
SPSC,4534568601,36134900
SPT,3469522518,45978300
SPTN,1230677442,35921700
SPWH,472587600,43880000
SPWR,3852427360,173846000
SPXC,2150516753,45784900
SQ,65277199723,518360992
SQM,24464896070,285638016
SQNS,130595360,46641200
SQZ,132293720,28147600
SR,3861599924,51750200
SRAX,107995370,26149000
SRC,5844379500,127746000
SRCE,1131659532,25556900
SRCL,5319953612,91913504
SRDX,605440320,13976000
SRE,53065484600,315772000
SREV,122924232,99938400
SRG,527515716,43632400
SRI,512608785,27194100
SRL,149859060,14779000
SRLP,428147040,26234500
SRNE,701368320,343808000
SRPT,7707510624,87149600
SRRA,890517713,23665100
SRRK,471221625,35297500
SRT,181230300,40273400
SRTS,156908940,16657000
SSB,5886984544,76246400
SSBI,107958874,6684760
SSD,4515825552,43354700
SSL,15643425097,635395008
SSNC,18626216534,254979008
SSP,1355071840,70724000
SSRM,4648998200,212380000
SSSS,257154441,31322100
SSTI,319324080,12141600
SSTK,3116902756,36357200
SSYS,1498767120,65735400
ST,7605984864,157636992
STAA,3456962733,47754700
STAG,7394701560,178014000
STAR,1533111880,69028000
STBA,1108528938,39351400
STC,1528573480,26978000
STE,24875551880,100127000
STEP,1854742563,60791300
STKL,580990720,107392000
STKS,329558016,32183400
STLD,15851285520,189518000
STM,35108186701,904617024
STN,5493107340,111174000
STNE,2957512500,262890000
STNG,1267785540,58369500
STOK,863744704,37359200
STON,289925650,118337000
STOR,8092153200,274776000
STRA,1743339500,25030000
STRL,777771586,30228200
STRO,400269756,46381200
STRS,326463234,8273270
STRT,137631778,3953800
STSA,118296000,31545600
STT,30734985992,366067008
STTK,174539268,42363900
STWD,7144701480,306508000
STX,18941243940,218898000
STXS,262726830,74638304
STZ,39852209440,164339008
SU,46736190022,1431430016
SUI,21180685350,116205000
SUM,3354544940,119549000
SUMO,1239104280,114098000
SUN,3474754990,83688704
SUP,109292931,26853300
SUPN,1821442400,53180800
SUPV,179948657,91344496
SURF,137589870,46959000
SUZ,15596982830,1349219968
SVC,1347150720,165092000
SVM,641123720,177106000
SVRA,147111600,114040000
SWAV,7633792296,35653600
SWBI,678561555,45510500
SWCH,7576576000,241600000
SWI,2090845920,160464000
SWIR,646834352,38206400
SWK,22732105323,163411008
SWKH,223358113,12829300
SWKS,19895234244,161671008
SWM,828558783,31709100
SWN,8546834400,1114320000
SWTX,2851084764,49343800
SWX,5236966328,66849200
SXC,744049386,83320200
SXI,1228057061,12235300
SXT,3552968555,42022100
SY,198189600,105420000
SYBT,1530918091,29165900
SYBX,160823256,70228496
SYF,18046850235,506223008
SYK,102043209000,377700000
SYNA,6661324398,39523700
SYNH,8832729750,104221000
SYNL,166234110,10223500
SYY,42463165629,507447008
T,169978702280,7163030016
TA,578107960,14838500
TAC,2923255452,271678016
TAK,46234271570,3100890112
TAL,2057170467,644881024
TALO,1457490771,81881504
TAP,10128243914,200599008
TARO,1578553200,37584600
TARS,375659446,20708900
TAST,109675650,54565000
TBBK,1480304736,57398400
TBI,966946526,35059700
TBK,2009796776,25160200
TBNK,217050451,9315470
TBPH,755979936,75901600
TCBI,2736801691,50690900
TCBK,1285893504,33830400
TCDA,515747932,55397200
TCFC,223991678,5689400
TCI,328891298,8639120
TCMD,380391158,19926200
TCOM,14259890720,637456000
TCRR,102147695,38546300
TCX,738204869,10756300
TD,138962631652,1813660032
TDC,4969450000,104620000
TDG,36127457319,55462100
TDOC,11028894880,160327008
TDS,2124741360,107256000
TDW,889317702,41518100
TDY,22433554260,46765800
TEAM,41353887380,141154000
TECH,17665984095,39288300
TECK,20828357000,526900000
TEF,28606297421,5779049984
TEL,40827106003,325575008
TELA,160798495,14551900
TELL,2924300475,518492992
TEN,1473937452,83132400
TENB,6240993000,109780000
TEO,2752415718,430737984
TER,18004803480,161594000
TEVA,11231899889,1103330048
TEX,2339937248,69974200
TFC,71605978614,1328989952
TFFP,178110036,25371800
TFII,8019172380,92058000
TFSL,4451488477,280851008
TFX,16095256389,46901700
TG,394800120,33743600
TGA,285277216,72774800
TGB,629833600,286288000
TGH,1711069776,48831900
TGI,1590546761,64630100
TGLS,1129416012,47674800
TGNA,4986955440,221544000
TGS,1058380560,150552000
TGT,105519159769,462417984
TGTX,1386752992,142816992
TH,566858680,101953000
THC,9003189960,109209000
THCA,186518928,14045100
THFF,522156583,12470900
THG,5379402875,35566300
THM,191925908,194908000
THO,4371048786,55030200
THR,526601237,33350300
THRM,2311505000,33021500
THRY,952591317,34155300
THS,1853516544,55795200
THTX,223535760,95121600
TIG,206242907,51176900
TIGO,2721518250,101739000
TILE,758225733,59282700
TIMB,7145035442,484080992
TIPT,421223600,34385600
TISI,102636072,43124400
TITN,575303625,22587500
TJX,72076852956,1175229952
TK,335184300,101571000
TKC,3353249219,873241984
TKR,4215023725,74787504
TLK,31075812642,990622016
TLRY,3115091520,480724000
TLS,703107341,67867504
TLYS,215774640,23659500
TM,240646133016,1379139968
TMDX,761405260,27962000
TME,8090484524,1692569984
TMHC,3083242640,121292000
TMO,239491654320,391192000
TMP,1112001160,14670200
TMQ,176011440,145464000
TMST,952216301,46381700
TMUS,166505369068,1249289984
TMX,5597323700,121417000
TNC,1373510325,18573500
TNDM,7862041407,63872300
TNET,6299897186,65905400
TNK,476109888,29173400
TNP,229048128,22996800
TNXP,117357592,533928992
TOL,5361737290,117299000
TOUR,102048093,123515000
TOWN,2095996143,72676704
TPB,584787489,18268900
TPC,515555613,51095700
TPGY,346850000,35000000
TPH,2024523860,107573000
TPIC,510109600,37180000
TPR,8790867000,263990000
TPTX,1323933636,49622700
TPX,5024557845,179000992
TR,1432933974,39344700
TRC,480651616,26467600
TREC,195762478,23671400
TREE,1446954053,12966700
TRGP,17325465907,228267008
TRHC,130717544,25731800
TRI,52878957120,486288000
TRIP,3234936100,125873000
TRMB,18245818080,251216000
TRMD,736233872,81441800
TRMK,1825236093,61517900
TRN,2648611811,83342096
TRNO,5771125044,75528400
TRNS,600498995,7521280
TROW,33374165000,227810000
TROX,2905837200,156060000
TRP,57468767797,981198016
TRQ,6085225682,201231008
TRS,1320070279,42706900
TRST,591994577,19201900
TRTN,4170818480,65108000
TRTX,872949954,77183904
TRU,18589688000,192400000
TRUE,374667948,96563904
TRUP,3597680746,40505300
TRV,43974915633,241500992
TRVG,785480748,358667008
TS,18020883017,590268032
TSBK,219855500,8350000
TSC,1091392250,33581300
TSCBP,733679666,28862300
TSCO,25903483080,112146000
TSE,1695247840,37046500
TSEM,5286328740,108974000
TSHA,243924526,38473900
TSLA,1092688799516,1033510016
TSM,521276635300,5185800192
TSN,26742085932,292455008
TSQ,153166696,12785200
TT,35584185060,233538000
TTC,8881548480,104538000
TTCF,932576652,82237800
TTD,30207399977,440598016
TTEC,3697025847,46994100
TTEK,8488705680,53999400
TTGT,2310728130,29681800
TTI,493986150,127645000
TTM,22377640961,765833024
TTMI,1440097100,101630000
TTWO,16551371400,115421000
TU,37338223808,1370210048
TUFN,492214580,37921000
TUP,886866734,45667700
TV,6124341207,562899008
TVTX,1831602444,63509100
TVTY,1606801425,49823300
TW,9651067540,107246000
TWI,818967456,62421300
TWIN,211764100,13662200
TWLO,26198444961,171703008
TWND,330873840,33421600
TWNK,3137111419,138564992
TWO,1737836381,344126016
TWOU,967363420,76350704
TWST,2710224090,56112300
TWTR,38454788383,800641024
TX,9416894760,196308000
TXG,6838779757,93298496
TXMD,147928976,433428000
TXN,163903135642,922878016
TXRH,5622895730,69119800
TXT,15121396541,216328992
TYL,18105856332,41348900
U,27603757451,294095008
UA,3757755120,253218000
UAA,3033797391,188668992
UAL,13764141722,324625984
UAN,1496770569,10681300
UBA,550138464,30161100
UBCP,106375051,5929490
UBER,63086559200,1954960000
UBFO,137417574,17028200
UBOH,112805856,3279240
UBP,170074480,10264000
UBS,63198751982,3399610112
UBSI,4595749019,136575008
UCBI,3352179030,105981000
UCTT,1668094500,44950000
UDR,18823925294,318401984
UE,2185372300,117430000
UEC,1562242844,283015008
UEIC,384518130,12813000
UEPS,304011017,57687100
UFCS,753166972,25097200
UFI,307078420,18498700
UFPI,4665740355,62085700
UFPT,506847345,7561500
UG,109988021,4594320
UGI,7615885200,209804000
UGP,3244970147,1115110016
UHAL,10770564540,19607800
UHS,9752482240,67552000
UHT,782321450,13785400
UI,17755251192,61534800
UIHC,128216248,43316300
UIS,1308010616,67632400
UL,118192646400,2562720000
ULH,481649910,26803000
ULTA,20867080694,52327300
UMBF,4557586340,48418000
UMC,21469212826,2496420096
UMH,1252167255,52108500
UMPQ,3847295662,216627008
UNB,138776573,4494060
UNF,2656533440,15208000
UNFI,2429072019,58265100
UNH,505215722346,940899008
UNIT,3206930141,236324992
UNM,6366586520,202564000
UNP,153866842779,628387008
UNTY,285514320,10458400
UNVR,5159103993,169875008
UONEK,214641750,37329000
UPLD,528941175,31132500
UPS,141320013600,733368000
UPWK,2856965760,129216000
URBN,2364764640,95662000
URG,380089500,217194000
URGN,189505316,22668100
URI,23167887448,72192096
USAC,1840432860,97377400
USAK,138860472,8895610
USAS,189570158,180543008
USB,78083403200,1485040000
USDP,167652793,27619900
USEG,100490152,24873800
USFD,7881526800,223020000
USLM,658130058,5668160
USM,1658654568,52605600
USNA,1519604245,19184500
USPH,1317717702,12991400
USX,130206696,35001800
UTHR,8580063531,45132100
UTI,280245000,32970000
UTL,842126538,16016100
UTMD,319811625,3654990
UTZ,1173456196,78597200
UUUU,1538762752,157176992
UVE,412085937,31242300
UVSP,755601048,29527200
UVV,1482403992,24608300
UXIN,357642893,397380992
V,358467476083,1658419968
VAC,6051254870,41958500
VALE,99220686111,4844760064
VALU,661790120,9522160
VAPO,206596494,26184600
VBIV,439036886,258256992
VBLT,124460446,69337296
VBTX,1883720700,53530000
VC,2773806105,28004100
VCEL,1767594090,47035500
VCTR,1897508390,68750304
VCYT,1894406886,71218304
VEC,455082750,11805000
VECO,1312011478,50578700
VEEV,28496719160,139594000
VEL,347292444,32487600
VEON,1015544869,1749129984
VERI,573935474,35060200
VERU,363428816,80050400
VERX,677837784,42338400
VERY,106505000,14875000
VET,3387201000,162300000
VFC,21821292118,388902016
VFF,445757276,88443904
VG,5157316662,254055008
VGR,1892576400,153868000
VGZ,121520430,117981000
VHC,136767160,71232896
VHI,784972296,28277100
VIAO,154043800,22653500
VIAV,3475481320,230012000
VICI,20805881178,748412992
VICR,2154934144,32172800
VIOT,117585306,69577104
VIPS,5696524874,678966016
VIR,3020500320,132304000
VIRT,4028951920,108773000
VIST,817167715,88629904
VITL,515965995,40531500
VIV,19117116365,1676940032
VIVO,1213498818,43541400
VKTX,235088688,78362896
VLDR,447800920,198142000
VLGEA,249931570,10251500
VLO,42305057783,409416992
VLRS,2069365300,115607000
VLY,6243764040,506388000
VLYPO,8250835880,331492000
VLYPP,8469620600,331492000
VMC,23398646580,132894000
VMD,208321575,39680300
VMI,5051841600,21305000
VMW,46842480000,421056000
VNDA,661937696,55906900
VNET,884773920,148452000
VNO,8023649400,191724000
VNOM,2399036454,76966200
VNRX,155948370,53775300
VNT,3994461462,161196992
VNTR,213491180,107282000
VOC,131920000,17000000
VOD,47780901181,2833979904
VOXX,202312656,21614600
VOYA,6963945800,105980000
VPG,405850942,12611900
VRA,221486397,32523700
VRAY,683533020,179404992
VRCA,242168080,27519100
VREX,852588000,39600000
VRM,312638160,137122000
VRNA,295199520,60368000
VRNS,4853181960,107514000
VRNT,3329868584,65703800
VRRM,2303504640,156064000
VRSK,35517744022,161283008
VRSN,24313856900,110167000
VRT,5060328564,375673984
VRTS,1638742668,7506150
VRTV,1948305258,15030900
VRTX,70219971703,254576992
VSAT,3317927800,74393000
VSEC,530278777,12737900
VSH,2411263400,132487000
VST,10636750967,440992992
VSTA,102317166,18912600
VSTM,301854600,186330000
VSTO,1991654934,56213800
VTGN,262290560,206528000
VTNR,560201719,64465100
VTOL,971604227,28301900
VTR,24510245741,399515008
VTRS,13075560146,1209580032
VTRU,363375456,23323200
VUZI,386490861,63672300
VVI,704628897,20561100
VVNT,1248235348,208735008
VVV,5525958360,179356000
VXRT,610178500,125810000
VYGG,514268552,51581600
VYGR,344175741,38114700
VZ,221214000000,4200000000
W,8887577494,79395904
WAB,16695073720,184252000
WABC,1601344193,26872700
WAFD,2043933820,65301400
WAL,8035474700,106997000
WASH,852011624,17331400
WAT,18986769500,60515600
WB,5880931320,236562000
WBA,38964799669,863772992
WBS,9014374548,179604992
WBT,3389697280,143146000
WCC,6061072482,50703300
WCN,37107176746,257152992
WD,4168571400,33083900
WDAY,45717000000,196000000
WDC,14944964444,312918016
WDFC,2388588174,13687400
WEC,32745308180,315435008
WEN,4540442449,215391008
WERN,2471545822,65057800
WES,9951443965,403545984
WETF,857528100,146586000
WEX,7477677360,44830200
WEYS,253315132,9750390
WF,9038232720,242572000
WFC,181487907364,3801590016
WGO,1725354960,32776500
WH,7544554970,92243000
WHD,3368792000,60200000
WHG,136714751,8587610
WHR,9859116000,58462500
WILC,257371520,13867000
WIMI,241775464,93349600
WINA,770542722,3485830
WIRE,2101986435,19727700
WIT,41270715034,5466319872
WIX,5547458712,57462800
WK,5407023083,48066700
WKHS,646135534,151675008
WLDN,375918212,12856300
WLFC,190113627,5937340
WLK,14533705920,128118000
WLKP,968396000,35214400
WLL,3090276000,39241600
WM,67994904800,415160000
WMB,40962479885,1217309952
WMG,5153214211,137163008
WMK,2077094448,26898400
WMS,7940665118,71919800
WMT,430763656228,2751780096
WNC,618301086,49032600
WNEB,201797700,22802000
WNS,4226477255,48821500
WOR,2464250880,49364000
WOW,1758500000,87925000
WPC,15637971007,191500992
WPM,22077274068,451108992
WPP,14481940280,223108000
WPRT,265329000,171180000
WRAP,116677290,40939400
WRB,17839062220,265186000
WRE,2182755384,87872600
WRK,12186808200,263214000
WRLD,1209410450,6546200
WRN,331622940,151426000
WSBC,2301828618,68081296
WSBF,450696600,24231000
WSC,8192069820,223278000
WSFS,2671825196,63328400
WSM,10233637717,71558896
WSO,9836886695,33068500
WSR,650198934,49145800
WST,31231698720,74281600
WSTG,150011523,4450060
WTBA,432411376,16554800
WTFC,5058086712,57237600
WTFCM,1481425721,56392300
WTI,604940760,143012000
WTM,3348888583,3000850
WTRG,13240222620,253014000
WTS,3728096169,27438700
WTTR,840447520,100532000
WU,7331372662,388726016
WVE,164705500,65882200
WW,719690790,70077000
WWD,7462130775,63104700
WWE,2703006688,43766300
WWW,1757177629,81388496
WY,28314977210,747097024
WYNN,8574454460,115918000
X,9428472420,260527008
XAIR,211802940,29831400
XBIT,270909770,30439300
XEL,40605600907,544529984
XELA,167632699,443824992
XENE,1815752820,52937400
XENT,938616750,33787500
XERS,332033800,135524000
XGN,115241520,16231200
XHR,2045775170,114353000
XNCR,1671414695,59375300
XNET,124110944,67451600
XOM,360066830861,4233590016
XOMA,319425002,11319100
XP,13039435536,424599008
XPEL,1306075980,27612600
XPER,1685588400,104760000
XPEV,24108110400,856416000
XPO,7045994340,114793000
XRAY,10457820780,217554000
XRX,3000993000,154850000
XSPA,107430456,95071200
XXII,360092980,162938000
XYF,146480160,53853000
XYL,15617664266,180092992
Y,11475782724,13454700
YALA,650563600,143930000
YELP,2421118440,71104800
YETI,4937566752,87051600
YEXT,846156150,131187000
YI,200553628,82873400
YJ,221865280,213332000
YMAB,594503600,43713500
YNDX,6117714548,323004992
YORW,613138569,14091900
YPF,2017695649,393312992
YRD,203241280,83984000
YSG,473955506,631688000
YTRA,101608496,57732100
YUM,34793311437,288980992
YUMC,17776894968,425590016
YY,2828600897,73642304
Z,8872250112,182932992
ZBH,27193021020,209322000
ZBRA,22095787680,52810200
ZEAL,696637084,43215700
ZEN,15020231000,121868000
ZEUS,394780113,11123700
ZG,2889049640,61521500
ZI,22698867840,403392000
ZION,9596662920,151894000
ZLAB,4497466042,96408704
ZM,28270077565,247288992
ZNGA,10236986255,1132409984
ZNH,9596212164,338968992
ZNTL,2211618312,45562800
ZOM,300731320,979900032
ZS,32726074744,141084992
ZTO,20550748160,808448000
ZTS,93417221613,471971008
ZUMZ,757047400,19922300
ZUO,1696940000,119000000
ZYME,391452114,57736300
ZYXI,245865738,39784100
