SLMBP,2020-12-21 00:00:00,52.5,0.12693333333333331,2020-12-22 00:00:00,51.35,0.13270691333982473,-0.026850290412822022
FE,2020-10-26 00:00:00,33.32,0.31523109243697484,2020-10-27 00:00:00,33.39,0.3138364779874214,-0.01677873860817516
FE,2020-10-27 00:00:00,33.39,0.3138364779874214,2020-10-28 00:00:00,31.76,0.34691435768261963,-0.0686058950485188
ETSY,2021-06-30 00:00:00,205.84,0.008246696463272444,2021-07-01 00:00:00,199.51,0.00878903313117137,-0.030834802417384562
IMO,2021-10-05 00:00:00,33.2,0.3175301204819277,2021-10-06 00:00:00,32.64,0.3284466911764706,-0.03632460276079525
IFF,2020-02-28 00:00:00,119.78,0.02436967774252797,2020-03-02 00:00:00,122.56,0.02327431462140992,0.02281145439669453
EXAS,2021-05-11 00:00:00,98.0,0.03642857142857143,2021-05-12 00:00:00,96.11,0.037873270211216316,-0.020043896343263215
EXAS,2021-05-12 00:00:00,96.11,0.037873270211216316,2021-05-13 00:00:00,93.66,0.0398729446935725,-0.026300553687491363
EXAS,2021-05-13 00:00:00,93.66,0.0398729446935725,2021-05-14 00:00:00,96.74,0.03737337192474675,0.03206015036709037
ALNY,2019-10-23 00:00:00,89.76,0.043438057040998214,2019-10-24 00:00:00,88.9,0.044251968503937006,-0.010558043956605877
SIVB,2019-01-18 00:00:00,230.99,0.006545737910732066,2019-01-22 00:00:00,225.74,0.006853016744927792,-0.022786262412466635
CQP,2020-01-31 00:00:00,38.67,0.23396689940522367,2020-02-03 00:00:00,38.58,0.2351477449455677,-0.014458615059498121
CQP,2020-02-03 00:00:00,38.58,0.2351477449455677,2020-02-04 00:00:00,38.94,0.23081664098613253,-0.0027466144616821986
GSK,2021-11-02 00:00:00,42.8,0.19102803738317758,2021-11-03 00:00:00,43.53,0.184688720422697,0.008277645845657208
GSK,2021-11-03 00:00:00,43.53,0.184688720422697,2021-11-04 00:00:00,43.0,0.1892441860465116,-0.020765745611514088
ARES,2021-09-03 00:00:00,79.33,0.05559057103239632,2021-09-07 00:00:00,79.3,0.05565573770491804,-0.001780490466876624
DLR,2019-11-07 00:00:00,118.68,0.024831479609032692,2019-11-08 00:00:00,116.57,0.02573132023676761,-0.018204944386971858
DLR,2019-11-08 00:00:00,116.57,0.02573132023676761,2019-11-11 00:00:00,116.66,0.025711469226812965,0.0003307644379894029
BGNE,2019-12-13 00:00:00,176.03,0.011293529512014998,2019-12-16 00:00:00,165.09,0.012826337149433643,-0.06228551875624288
BGNE,2019-12-16 00:00:00,165.09,0.012826337149433643,2019-12-17 00:00:00,162.86,0.01319538253714847,-0.013665405049891406
BGNE,2019-12-17 00:00:00,162.86,0.01319538253714847,2019-12-18 00:00:00,166.91,0.012560661434305915,0.02470983639953658
ALB,2020-06-08 00:00:00,86.74,0.046483744523864425,2020-06-09 00:00:00,85.0,0.0484235294117647,-0.021154107377630016
SQ,2022-01-27 00:00:00,105.64,0.031342294585384324,2022-01-28 00:00:00,110.38,0.028696321797427073,0.044301035437497
TDG,2019-02-12 00:00:00,431.18,0.0018750869706387124,2019-02-13 00:00:00,432.09,0.0018711379573699925,0.0021017991907601135
TDG,2019-02-13 00:00:00,432.09,0.0018711379573699925,2019-02-14 00:00:00,429.77,0.0018893826930683857,-0.005377954872018484
TDG,2019-11-19 00:00:00,568.16,0.0010842016333427204,2019-11-20 00:00:00,575.0,0.0010530434782608695,0.012035100596466524
TDG,2019-11-20 00:00:00,575.0,0.0010530434782608695,2019-11-21 00:00:00,573.14,0.001062567610008026,-0.003238461932327403
HUBS,2021-02-16 00:00:00,527.64,0.0012536957016147372,2021-02-17 00:00:00,523.33,0.0012773966713163776,-0.008173245190608872
DHR,2021-08-17 00:00:00,320.95,0.0033914940021810254,2021-08-18 00:00:00,314.97,0.0035225577039083083,-0.01865372815611789
EBAY,2020-04-17 00:00:00,37.455,0.24940595381124017,2020-04-20 00:00:00,37.64,0.246971307120085,-0.008313369668437405
EBAY,2020-04-20 00:00:00,37.64,0.246971307120085,2020-04-21 00:00:00,37.61,0.24735442701409202,-0.013930014190599901
EBAY,2020-07-10 00:00:00,59.27,0.09962038130588831,2020-07-13 00:00:00,58.3,0.10295883361921099,-0.01978368845832812
RJF,2021-02-11 00:00:00,50.4222,0.13764770279757726,2021-02-12 00:00:00,50.7244,0.13599963725544315,0.000566271601536265
RJF,2021-02-12 00:00:00,50.7244,0.13599963725544315,2021-02-16 00:00:00,52.2133,0.12836767643493135,0.024140900361751254
RJF,2021-02-16 00:00:00,52.2133,0.12836767643493135,2021-02-17 00:00:00,51.9556,0.12961066757000209,-0.009876379083584689
HD,2021-10-25 00:00:00,371.26,0.0025359586273770406,2021-10-26 00:00:00,369.2,0.002559588299024919,-0.005562397098869911
AMP,2019-01-18 00:00:00,121.11,0.023841961852861037,2019-01-22 00:00:00,119.28,0.024589201877934275,-0.01551012438056969
MO,2021-12-15 00:00:00,45.96,0.1656331592689295,2021-12-16 00:00:00,47.35,0.15604012671594508,0.023244706571260414
MO,2021-12-16 00:00:00,47.35,0.15604012671594508,2021-12-17 00:00:00,48.25,0.150300518134715,0.0125376843748541
MO,2021-12-17 00:00:00,48.25,0.150300518134715,2021-12-20 00:00:00,48.11,0.15117439201829144,-0.009149739070528599
AMX,2021-08-24 00:00:00,18.45,1.0281842818428184,2021-08-25 00:00:00,18.49,1.0236884802596,-0.10904459415189272
AMX,2021-08-25 00:00:00,18.49,1.0236884802596,2021-08-26 00:00:00,18.67,1.0040707016604176,-0.09993289247809709
AMX,2021-08-26 00:00:00,18.67,1.0040707016604176,2021-08-27 00:00:00,18.85,0.9850132625994694,-0.09689790917299877
AMX,2021-08-27 00:00:00,18.85,0.9850132625994694,2021-08-30 00:00:00,19.23,0.9464378575143005,-0.08230509921027965
AMX,2021-08-30 00:00:00,19.23,0.9464378575143005,2021-08-31 00:00:00,19.56,0.9147239263803681,-0.07962359770643114
AMX,2021-08-31 00:00:00,19.56,0.9147239263803681,2021-09-01 00:00:00,18.92,0.9776691331923889,-0.12946794783091795
AMX,2021-12-29 00:00:00,21.03,0.7913694721825963,2021-12-30 00:00:00,21.14,0.7831125827814569,-0.06963775820085837
AMX,2021-12-30 00:00:00,21.14,0.7831125827814569,2021-12-31 00:00:00,21.11,0.785386072951208,-0.0756148843771365
RF,2019-01-18 00:00:00,15.7,1.4198407643312103,2019-01-22 00:00:00,15.59,1.4399615137908917,-0.18915938077210823
AA,2020-01-30 00:00:00,14.29,1.7137508747375787,2020-01-31 00:00:00,13.95,1.7984229390681006,-0.26957129557772413
AA,2020-01-31 00:00:00,13.95,1.7984229390681006,2020-02-03 00:00:00,14.24,1.7259129213483146,-0.23185203300476084
DELL,2019-02-25 00:00:00,56.64,0.10906603107344633,2019-02-26 00:00:00,56.73,0.10870791468358894,-0.0022558959349760228
DELL,2019-02-26 00:00:00,56.73,0.10870791468358894,2019-02-27 00:00:00,56.25,0.11056888888888888,-0.012326402319275178
ENB,2019-01-10 00:00:00,34.7,0.2905907780979827,2019-01-11 00:00:00,34.54,0.293355529820498,-0.021439374867967858
ENB,2019-09-10 00:00:00,34.72,0.2903225806451613,2019-09-11 00:00:00,34.77,0.28950244463618063,-0.015259937364093699
ENB,2019-09-11 00:00:00,34.77,0.28950244463618063,2019-09-12 00:00:00,34.7,0.2905907780979827,-0.018696957800809995
DAL,2020-02-28 00:00:00,46.13,0.16441578148710168,2020-03-02 00:00:00,47.16,0.15733672603901613,0.01535329487261826
HMC,2019-01-18 00:00:00,29.76,0.3951612903225806,2019-01-22 00:00:00,29.51,0.4018298881735005,-0.03518115519140061
HMC,2019-09-12 00:00:00,26.98,0.480763528539659,2019-09-13 00:00:00,27.1,0.4765682656826568,-0.031035277769544675
HMC,2019-09-13 00:00:00,27.1,0.4765682656826568,2019-09-16 00:00:00,27.01,0.47971121806738243,-0.038608099031366826
GRMN,2021-02-16 00:00:00,132.48,0.01991998792270532,2021-02-17 00:00:00,129.51,0.02086325380279515,-0.022726322778725133
FMS,2019-11-06 00:00:00,37.46,0.2493726641751201,2019-11-07 00:00:00,37.9,0.2436147757255937,-0.0014145072050378647
FMS,2019-11-07 00:00:00,37.9,0.2436147757255937,2019-11-08 00:00:00,37.61,0.24735442701409202,-0.020606047565691045
WTRG,2020-01-22 00:00:00,51.44,0.1322706065318818,2020-01-23 00:00:00,52.1,0.128915547024952,0.007752990793996278
WTRG,2020-01-23 00:00:00,52.1,0.128915547024952,2020-01-24 00:00:00,51.86,0.13011955264172773,-0.00957840882277706
WTRG,2021-04-23 00:00:00,47.97,0.15205336668751304,2021-04-26 00:00:00,47.56,0.1546888141295206,-0.014941467184011443
MCK,2021-12-30 00:00:00,248.9,0.005638810767376456,2021-12-31 00:00:00,248.57,0.0056603773584905665,-0.0013712301652305076
WCN,2022-04-08 00:00:00,144.89,0.01666781696459383,2022-04-11 00:00:00,143.69,0.016928805066462525,-0.008514021823666632
PAYC,2019-11-22 00:00:00,263.31,0.0050377881584444196,2019-11-25 00:00:00,267.24,0.004898218829516539,0.014887638118613178
PAYC,2019-11-25 00:00:00,267.24,0.004898218829516539,2019-11-26 00:00:00,274.1,0.004647938708500547,0.025634088618702297
PAYC,2019-11-26 00:00:00,274.1,0.004647938708500547,2019-11-27 00:00:00,279.66,0.00446792533791032,0.020251310236970427
PAYC,2019-11-27 00:00:00,279.66,0.00446792533791032,2019-11-29 00:00:00,276.81,0.00456450272750262,-0.010223244039424316
ZBRA,2019-01-18 00:00:00,177.79,0.011063614376511616,2019-01-22 00:00:00,173.01,0.011692965724524596,-0.027013648574728957
KMB,2020-10-30 00:00:00,132.59,0.019903461799532396,2020-11-02 00:00:00,134.35,0.019382210643840717,0.012977708179776806
LOW,2021-10-25 00:00:00,231.82,0.0065072038650677245,2021-10-26 00:00:00,231.07,0.006543471675249925,-0.0032915653331908948
BIDU,2021-02-16 00:00:00,326.2,0.003283261802575107,2021-02-17 00:00:00,308.68,0.0036623687961643125,-0.05373067330042512
BIDU,2021-05-10 00:00:00,183.44,0.010398495420846053,2021-05-11 00:00:00,189.72,0.009722222222222222,0.03412494157412197
STE,2019-05-03 00:00:00,133.23,0.01970276964647602,2019-05-06 00:00:00,134.01,0.01948362062532647,0.005560411391790188
STE,2019-05-06 00:00:00,134.01,0.01948362062532647,2019-05-07 00:00:00,130.97,0.020390165686798505,-0.02298241762787931
AJG,2020-06-04 00:00:00,98.2,0.036283095723014254,2020-06-05 00:00:00,100.45,0.03466898954703833,0.022189897298675654
AJG,2020-06-05 00:00:00,100.45,0.03466898954703833,2020-06-08 00:00:00,101.9,0.033694798822374875,0.013754467014739454
AJG,2020-06-08 00:00:00,101.9,0.033694798822374875,2020-06-09 00:00:00,101.15,0.034186851211072664,-0.008026316487080042
MORN,2020-07-24 00:00:00,161.3,0.013431494110353378,2020-07-27 00:00:00,161.87,0.013340952616297029,0.003367808761769001
MORN,2020-07-27 00:00:00,161.87,0.013340952616297029,2020-07-28 00:00:00,161.66,0.013379933193121368,-0.0014624135776203405
OVV,2019-01-16 00:00:00,6.88,7.39375,2019-01-17 00:00:00,6.92,7.308526011560694,-2.131144769122194
OVV,2019-01-17 00:00:00,6.92,7.308526011560694,2019-01-18 00:00:00,7.05,7.041702127659574,-2.054946262893102
OVV,2019-01-18 00:00:00,7.05,7.041702127659574,2019-01-22 00:00:00,6.75,7.681333333333334,-2.130927015743675
APD,2019-11-15 00:00:00,240.92,0.006028972272953678,2019-11-18 00:00:00,241.19,0.006007711762510884,0.0010707426364126313
APD,2019-11-18 00:00:00,241.19,0.006007711762510884,2019-11-19 00:00:00,241.31,0.006004724213667068,0.0004477281977852727
APD,2019-11-19 00:00:00,241.31,0.006004724213667068,2019-11-20 00:00:00,237.9,0.006179066834804539,-0.014181690734111591
APD,2020-07-14 00:00:00,280.99,0.0044218655468166125,2020-07-15 00:00:00,281.97,0.004394084477072029,0.003456293996142576
APD,2020-07-15 00:00:00,281.97,0.004394084477072029,2020-07-16 00:00:00,287.19,0.0042410947456387755,0.018481983263387056
APD,2020-07-16 00:00:00,287.19,0.0042410947456387755,2020-07-17 00:00:00,294.0,0.004047619047619047,0.02368366338036401
APD,2020-07-17 00:00:00,294.0,0.004047619047619047,2020-07-20 00:00:00,290.87,0.0041272733523567235,-0.010674064259863952
CMS,2020-01-24 00:00:00,67.49,0.07680397095866055,2020-01-27 00:00:00,67.25,0.07733828996282528,-0.00584000979288019
WY,2019-10-23 00:00:00,29.51,0.4018298881735005,2019-10-24 00:00:00,29.14,0.41209677419354834,-0.04011950736587765
CTXS,2019-12-11 00:00:00,109.45,0.029195979899497487,2019-12-12 00:00:00,110.3,0.02874886672710789,0.0072366848183954575
SAP,2020-06-09 00:00:00,136.74,0.01871069182389937,2020-06-10 00:00:00,136.58,0.018758236930736562,-0.0014441197071424572
ATVI,2021-12-01 00:00:00,57.28,0.10662534916201118,2021-12-02 00:00:00,57.29,0.10660673765054983,-0.003548046208319873
AAPL,2022-03-29 00:00:00,178.96,0.01091305319624497,2022-03-30 00:00:00,177.77,0.011064859087585081,-0.006772339697607444
FITBI,2021-06-23 00:00:00,29.26,0.40873205741626795,2021-06-24 00:00:00,29.76,0.3951612903225806,-0.01038596540460867
FITBI,2021-06-24 00:00:00,29.76,0.3951612903225806,2021-06-25 00:00:00,29.27,0.40847283908438675,-0.04346888875695456
TSLA,2021-01-08 00:00:00,880.02,0.00044942160405445335,2021-01-11 00:00:00,811.19,0.0005307018084542462,-0.07821524524830385
BBVA,2019-01-14 00:00:00,5.79,10.440155440414507,2019-01-15 00:00:00,5.76,10.54921875,-3.630289152057773
BBVA,2021-05-05 00:00:00,5.76,10.54921875,2021-05-06 00:00:00,5.84,10.26207191780822,-3.5991824076055936
BBVA,2021-05-06 00:00:00,5.84,10.26207191780822,2021-05-07 00:00:00,5.91,10.020304568527918,-3.461023370947968
BBVA,2021-05-07 00:00:00,5.91,10.020304568527918,2021-05-10 00:00:00,5.92,9.98623310810811,-3.3835089131363834
BBVA,2021-05-10 00:00:00,5.92,9.98623310810811,2021-05-11 00:00:00,5.96,9.852852348993288,-3.344440110996858
BBVA,2021-05-11 00:00:00,5.96,9.852852348993288,2021-05-12 00:00:00,5.86,10.191808873720136,-3.3799767152203732
BBVA,2021-11-30 00:00:00,5.3,12.459339622641512,2021-12-01 00:00:00,5.27,12.601992409867172,-4.734213591039374
BBVA,2021-12-01 00:00:00,5.27,12.601992409867172,2021-12-02 00:00:00,5.42,11.914206642066421,-4.623567182530094
KO,2019-02-12 00:00:00,49.66,0.14187474828836089,2019-02-13 00:00:00,49.79,0.14115284193613176,-0.0030815060455998697
KO,2019-02-13 00:00:00,49.79,0.14115284193613176,2019-02-14 00:00:00,45.59,0.16835928931783287,-0.09057063931018203
REXR,2019-01-18 00:00:00,32.03,0.3411489228847955,2019-01-22 00:00:00,32.19,0.3377135756446102,-0.016199266266918887
REXR,2019-01-22 00:00:00,32.19,0.3377135756446102,2019-01-23 00:00:00,32.47,0.33189097628580233,-0.012103279028593294
REXR,2019-01-23 00:00:00,32.47,0.33189097628580233,2019-01-24 00:00:00,32.54,0.3305316533497234,-0.018245230355267282
REXR,2019-01-24 00:00:00,32.54,0.3305316533497234,2019-01-25 00:00:00,33.12,0.31903683574879227,-0.0021379375875388716
REXR,2019-01-25 00:00:00,33.12,0.31903683574879227,2019-01-28 00:00:00,33.23,0.31692747517303643,-0.015880564943291934
REXR,2019-01-28 00:00:00,33.23,0.31692747517303643,2019-01-29 00:00:00,33.58,0.31028886241810605,-0.008342351417127351
REXR,2019-01-29 00:00:00,33.58,0.31028886241810605,2019-01-30 00:00:00,33.78,0.3066903493191237,-0.012417486948696491
REXR,2019-01-30 00:00:00,33.78,0.3066903493191237,2019-01-31 00:00:00,33.6,0.31,-0.02358467582353843
REXR,2021-10-25 00:00:00,66.25,0.07972075471698113,2021-10-26 00:00:00,66.67,0.07869356532173391,0.0039484630937552554
REXR,2021-10-26 00:00:00,66.67,0.07869356532173391,2021-10-27 00:00:00,66.49,0.07911716047525945,-0.005066907541577901
AAL,2021-04-20 00:00:00,20.37,0.8434707903780069,2021-04-21 00:00:00,21.01,0.7927891480247501,-0.048908195306959
MFG,2019-09-13 00:00:00,3.16,35.0498417721519,2019-09-16 00:00:00,3.12,35.954647435897435,-22.4824332936865
MGA,2021-12-01 00:00:00,75.2,0.061855053191489366,2021-12-02 00:00:00,78.54,0.05672905525846702,0.0428379772812505
VMW,2019-02-25 00:00:00,174.15,0.011536032156187193,2019-02-26 00:00:00,175.12,0.011412174508908177,0.005438138348176326
VMW,2019-02-26 00:00:00,175.12,0.011412174508908177,2019-02-27 00:00:00,176.01,0.011294812794727573,0.0049525640286453
VMW,2019-02-27 00:00:00,176.01,0.011294812794727573,2019-02-28 00:00:00,171.81,0.011856120132704732,-0.02399381247046992
SJM,2019-01-16 00:00:00,103.23,0.03281991669088443,2019-01-17 00:00:00,104.18,0.032218276060664235,0.00857271924100028
SJM,2019-01-17 00:00:00,104.18,0.032218276060664235,2019-01-18 00:00:00,104.79,0.03186372745490982,0.0052401420280709715
SJM,2019-01-18 00:00:00,104.79,0.03186372745490982,2019-01-22 00:00:00,104.99,0.03173635584341366,0.001301650125982223
SJM,2019-01-22 00:00:00,104.99,0.03173635584341366,2019-01-23 00:00:00,104.19,0.03221518379882907,-0.008228893605507475
CTLT,2019-02-13 00:00:00,41.13,0.20686846584001944,2019-02-14 00:00:00,41.58,0.20244107744107745,0.0009893133167736157
CTLT,2019-02-14 00:00:00,41.58,0.20244107744107745,2019-02-15 00:00:00,42.03,0.19810849393290506,0.0011892839977396988
CTLT,2019-02-15 00:00:00,42.03,0.19810849393290506,2019-02-19 00:00:00,42.24,0.19612926136363634,-0.00438348216265865
CTLT,2019-02-19 00:00:00,42.24,0.19612926136363634,2019-02-20 00:00:00,42.79,0.19107268053283477,0.003854120693738778
CTLT,2019-02-20 00:00:00,42.79,0.19107268053283477,2019-02-21 00:00:00,42.54,0.19334743770568877,-0.014826364062596948
AMOV,2021-12-29 00:00:00,20.95,0.7973985680190931,2021-12-30 00:00:00,20.98,0.7950905624404194,-0.0745818200696664
AMOV,2021-12-30 00:00:00,20.98,0.7950905624404194,2021-12-31 00:00:00,21.05,0.7897862232779097,-0.07220575718390508
AMOV,2021-12-31 00:00:00,21.05,0.7897862232779097,2022-01-03 00:00:00,20.92,0.7997131931166348,-0.08168643308287622
BAC,2019-10-23 00:00:00,31.42,0.35445576066199874,2019-10-24 00:00:00,31.36,0.35580357142857144,-0.024514937367618436
LYG,2022-01-13 00:00:00,2.94,40.49166666666667,2022-01-14 00:00:00,3.0,38.8885,-26.9796485260771
LYG,2022-01-14 00:00:00,3.0,38.8885,2022-01-18 00:00:00,2.95,40.21796610169491,-26.385488700564974
COST,2019-06-17 00:00:00,261.43,0.005114179703936044,2019-06-18 00:00:00,262.74,0.005062038517165258,0.004971976367589457
COST,2019-06-18 00:00:00,262.74,0.005062038517165258,2019-06-19 00:00:00,263.66,0.005031100659940832,0.0034631455462544735
COST,2019-06-19 00:00:00,263.66,0.005031100659940832,2019-06-20 00:00:00,267.35,0.004896203478586122,0.013957645057503755
COST,2019-06-20 00:00:00,267.35,0.004896203478586122,2019-06-21 00:00:00,266.13,0.004931800247999098,-0.0046000673414125755
ALLY,2019-04-08 00:00:00,28.98,0.4166666666666667,2019-04-09 00:00:00,28.71,0.42460815047021944,-0.0383462669819492
ALLY,2021-01-20 00:00:00,41.35,0.20466747279322856,2021-01-21 00:00:00,39.94,0.21934151226840262,-0.04435330072700434
ZTO,2019-03-19 00:00:00,18.64,1.0071888412017167,2019-03-20 00:00:00,18.33,1.0415984724495364,-0.1265443837795738
ZTO,2019-03-20 00:00:00,18.33,1.0415984724495364,2019-03-21 00:00:00,18.26,1.049616648411829,-0.11790589857399676
ZTO,2019-03-21 00:00:00,18.26,1.049616648411829,2019-03-22 00:00:00,17.69,1.1182589033352175,-0.1499384201394877
ZTO,2019-03-22 00:00:00,17.69,1.1182589033352175,2019-03-25 00:00:00,17.84,1.0996356502242153,-0.11689624384168647
OXY,2019-12-31 00:00:00,41.21,0.20604222276146564,2020-01-02 00:00:00,42.58,0.19300140911225927,0.02356118340515102
OXY,2020-01-02 00:00:00,42.58,0.19300140911225927,2020-01-03 00:00:00,43.61,0.18402889245585877,0.015335126783275926
OXY,2020-01-03 00:00:00,43.61,0.18402889245585877,2020-01-06 00:00:00,45.05,0.17239733629300777,0.024846910599659062
OXY,2020-01-06 00:00:00,45.05,0.17239733629300777,2020-01-07 00:00:00,45.27,0.17070907886017228,-0.002732661823599867
OXY,2020-01-07 00:00:00,45.27,0.17070907886017228,2020-01-08 00:00:00,44.98,0.17297687861271677,-0.013997922630282569
OXY,2022-02-07 00:00:00,41.0,0.20820731707317075,2022-02-08 00:00:00,39.35,0.22601016518424394,-0.05083457273798556
PANW,2021-04-15 00:00:00,370.38,0.002541983908418381,2021-04-16 00:00:00,366.65,0.002596481658257194,-0.010084611657127021
PDD,2020-05-18 00:00:00,66.46,0.07920553716521217,2020-05-19 00:00:00,63.09,0.08792994135362181,-0.053222020441149875
LSI,2021-06-14 00:00:00,107.89,0.030039855408286218,2021-06-15 00:00:00,107.18,0.030467437954842316,-0.0071416006429059625
SHG,2019-02-06 00:00:00,38.84,0.23195159629248197,2019-02-07 00:00:00,38.49,0.2362431800467654,-0.02106577693973345
MU,2019-12-24 00:00:00,55.42,0.11392998917358355,2019-12-26 00:00:00,55.105,0.11521640504491426,-0.009818592461539172
ROL,2020-01-24 00:00:00,24.4067,0.5875230981656676,2020-01-27 00:00:00,24.16,0.5996067880794702,-0.058747388473047925
RHI,2021-02-18 00:00:00,76.89,0.05917544544153986,2021-02-19 00:00:00,78.43,0.05689787071273747,0.01851901006432222
RHI,2021-02-19 00:00:00,78.43,0.05689787071273747,2021-02-22 00:00:00,81.05,0.0532449105490438,0.0320012395606046
RHI,2021-02-22 00:00:00,81.05,0.0532449105490438,2021-02-23 00:00:00,82.79,0.051026694045174535,0.020181719869287996
RHI,2021-02-23 00:00:00,82.79,0.051026694045174535,2021-02-24 00:00:00,82.15,0.05185027388922702,-0.008973027756183199
EPAM,2019-02-28 00:00:00,161.78,0.013370008653727285,2019-03-01 00:00:00,163.55,0.013075512075817792,0.010777317834531112
EPAM,2019-03-01 00:00:00,163.55,0.013075512075817792,2019-03-04 00:00:00,162.5,0.013246153846153845,-0.00658099459444815
EPAM,2019-07-11 00:00:00,191.05,0.00958126144988223,2019-07-12 00:00:00,193.63,0.009327067086711771,0.013405347665341018
EPAM,2019-07-12 00:00:00,193.63,0.009327067086711771,2019-07-15 00:00:00,196.02,0.009106213651668197,0.012247930172295805
EPAM,2019-07-15 00:00:00,196.02,0.009106213651668197,2019-07-16 00:00:00,195.9,0.009111791730474732,-0.0007051219537912311
CVE,2020-01-22 00:00:00,9.09,4.2358085808580865,2020-01-23 00:00:00,9.04,4.282466814159293,-0.9426045539073026
CVE,2020-01-23 00:00:00,9.04,4.282466814159293,2020-01-24 00:00:00,8.75,4.5712,-1.011467567937975
CVE,2020-01-24 00:00:00,8.75,4.5712,2020-01-27 00:00:00,8.74,4.581636155606407,-1.0471812749264466
CVE,2020-01-27 00:00:00,8.74,4.581636155606407,2020-01-28 00:00:00,8.86,4.458352144469526,-1.0205936270109763
CVE,2021-06-10 00:00:00,10.08,3.444444444444444,2021-06-11 00:00:00,10.0,3.5,-0.6968694885361553
SHW,2021-11-16 00:00:00,338.64,0.0030489605480746515,2021-11-17 00:00:00,333.16,0.0031516388522031457,-0.016200686863336474
MS,2019-10-23 00:00:00,45.91,0.16604225658897845,2019-10-24 00:00:00,45.76,0.16712194055944057,-0.010524160251544738
HZNP,2019-12-24 00:00:00,36.67,0.26028088355604034,2019-12-26 00:00:00,36.65,0.26051841746248294,-0.014747731143128736
SNAP,2022-01-27 00:00:00,28.3,0.4369434628975265,2022-01-28 00:00:00,30.42,0.3781886916502301,0.04610840443294145
SBAC,2019-03-20 00:00:00,192.61,0.009430974508073307,2019-03-21 00:00:00,196.07,0.009103891467333097,0.017867530938292832
SBAC,2019-03-21 00:00:00,196.07,0.009103891467333097,2019-03-22 00:00:00,197.12,0.00900213068181818,0.005262885591119859
SBAC,2019-03-22 00:00:00,197.12,0.00900213068181818,2019-03-25 00:00:00,195.58,0.009144595561918396,-0.007904559284921397
SBAC,2022-01-18 00:00:00,326.04,0.0032848730217151264,2022-01-19 00:00:00,321.23,0.003388537807801264,-0.01477325914252693
SBAC,2022-01-19 00:00:00,321.23,0.003388537807801264,2022-01-20 00:00:00,316.8,0.0034801136363636362,-0.013812124183432967
SBAC,2022-01-20 00:00:00,316.8,0.0034801136363636362,2022-01-21 00:00:00,312.34,0.0035858359480053794,-0.014100586962072044
SBAC,2022-01-21 00:00:00,312.34,0.0035858359480053794,2022-01-24 00:00:00,326.54,0.00327984320450787,0.045441295770146474
AON,2020-02-11 00:00:00,231.22,0.0065392267104921725,2020-02-12 00:00:00,230.92,0.006562878919106185,-0.0013541307223839227
TT,2019-10-29 00:00:00,99.2015,0.03556397836726259,2019-10-30 00:00:00,99.1395,0.03558621941809269,-0.001342219601370492
TT,2020-08-12 00:00:00,120.2,0.024197171381031612,2020-08-13 00:00:00,118.37,0.02495564754583087,-0.01563355090621355
WDAY,2021-09-01 00:00:00,273.37,0.0046731536013461614,2021-09-02 00:00:00,271.32,0.004747162022703819,-0.007533453984065692
CCEP,2022-01-14 00:00:00,59.66,0.09832383506537044,2022-01-18 00:00:00,58.45,0.10239520958083832,-0.02364597795250096
RY,2019-09-18 00:00:00,80.02,0.05463009247688078,2019-09-19 00:00:00,80.58,0.05390295358649789,0.00564192644259706
RY,2019-09-19 00:00:00,80.58,0.05390295358649789,2019-09-20 00:00:00,81.31,0.05290247202066166,0.007733861682710855
RY,2019-09-20 00:00:00,81.31,0.05290247202066166,2019-09-23 00:00:00,80.98,0.053334156581872065,-0.005365104275028031
RY,2022-01-13 00:00:00,116.26,0.025890246000344057,2022-01-14 00:00:00,117.33,0.02541549475837382,0.00876220763152651
RY,2022-01-14 00:00:00,117.33,0.02541549475837382,2022-01-18 00:00:00,118.79,0.024779021803182085,0.012015728998878778
RY,2022-01-18 00:00:00,118.79,0.024779021803182085,2022-01-19 00:00:00,117.48,0.02535325161729656,-0.01144988865578311
ENPH,2020-12-24 00:00:00,181.39,0.01063178786041127,2020-12-28 00:00:00,175.49,0.011348224970083766,-0.03264777558206329
TROW,2020-10-16 00:00:00,147.03,0.016187172685846424,2020-10-19 00:00:00,144.27,0.016812227074235808,-0.01899611915772344
TROW,2022-01-27 00:00:00,149.85,0.015578912245578915,2022-01-28 00:00:00,149.81,0.015583071891062013,-0.000474888115693274
TROW,2022-01-28 00:00:00,149.81,0.015583071891062013,2022-01-31 00:00:00,154.43,0.01466360163180729,0.030637162582452016
BCE,2020-06-08 00:00:00,44.75,0.17472625698324024,2020-06-09 00:00:00,44.22,0.17895748530076888,-0.01974712273260365
ODFL,2019-10-23 00:00:00,121.9867,0.023498463357070898,2019-10-24 00:00:00,122.56,0.02327431462140992,0.004316267445725871
ODFL,2019-10-24 00:00:00,122.56,0.02327431462140992,2019-10-25 00:00:00,124.4,0.022592443729903537,0.014638815613974334
ODFL,2019-10-25 00:00:00,124.4,0.022592443729903537,2019-10-28 00:00:00,124.9133,0.022415547423693075,0.0037644052158071093
ODFL,2019-10-28 00:00:00,124.9133,0.022415547423693075,2019-10-29 00:00:00,126.1133,0.02198023523292151,0.009251250406028668
ODFL,2019-10-29 00:00:00,126.1133,0.02198023523292151,2019-10-30 00:00:00,123.6,0.022908576051779938,-0.020284845541942792
ODFL,2022-01-20 00:00:00,306.99,0.0037053324212515063,2022-01-21 00:00:00,296.81,0.0039621306559752024,-0.03318566553658822
ODFL,2022-01-21 00:00:00,296.81,0.0039621306559752024,2022-01-24 00:00:00,309.05,0.0036579841449603623,0.04121282936962726
VOD,2020-06-04 00:00:00,17.26,1.1747103128621088,2020-06-05 00:00:00,17.56,1.1349088838268795,-0.11643216666795987
VOD,2020-06-05 00:00:00,17.56,1.1349088838268795,2020-06-08 00:00:00,18.16,1.0611784140969163,-0.09089335409588789
VOD,2020-06-08 00:00:00,18.16,1.0611784140969163,2020-06-09 00:00:00,17.75,1.110732394366197,-0.14217570531184529
GLOB,2019-11-13 00:00:00,105.09,0.0316728518412789,2019-11-14 00:00:00,109.26,0.029310818231740803,0.039099974592511064
GLOB,2019-11-14 00:00:00,109.26,0.029310818231740803,2019-11-15 00:00:00,99.83,0.035094660923570074,-0.08689735931864652
GLOB,2021-08-24 00:00:00,310.47,0.0036299803523689887,2021-08-25 00:00:00,309.68,0.003639240506329114,-0.002567942863589748
WPM,2019-06-07 00:00:00,22.91,0.6666957660410302,2019-06-10 00:00:00,22.48,0.6925266903914591,-0.07809788111883416
UBER,2020-01-15 00:00:00,35.01,0.28551842330762645,2020-01-16 00:00:00,34.68,0.2909602076124568,-0.025891991742932993
HOLX,2019-02-25 00:00:00,46.99,0.1585018088955097,2019-02-26 00:00:00,46.38,0.16269943941354031,-0.01981700890208664
AWK,2020-01-23 00:00:00,135.29,0.019118190553625545,2020-01-24 00:00:00,135.78,0.018971866254234793,0.003340305589416326
AWK,2020-01-24 00:00:00,135.78,0.018971866254234793,2020-01-27 00:00:00,135.25,0.01912384473197782,-0.004183942487746558
DB,2019-09-10 00:00:00,8.3,5.080481927710843,2019-09-11 00:00:00,8.29,5.092521109770809,-1.2268678358411629
BRO,2021-08-19 00:00:00,56.86,0.10821315511783329,2021-08-20 00:00:00,57.76,0.10489092797783935,0.012080476906512953
BRO,2021-08-20 00:00:00,57.76,0.10489092797783935,2021-08-23 00:00:00,57.72,0.10502425502425503,-0.004326786409316048
SSNC,2019-09-10 00:00:00,50.13,0.13921803311390385,2019-09-11 00:00:00,51.24,0.13326502732240436,0.01670690084906626
SSNC,2019-09-11 00:00:00,51.24,0.13326502732240436,2019-09-12 00:00:00,52.15,0.12865771812080537,0.012647877723590726
SSNC,2019-09-12 00:00:00,52.15,0.12865771812080537,2019-09-13 00:00:00,52.38,0.1275582283314242,-0.0005027027124108453
SSNC,2019-09-13 00:00:00,52.38,0.1275582283314242,2019-09-16 00:00:00,52.53,0.12679421283076336,-0.001992219189808928
SSNC,2019-09-16 00:00:00,52.53,0.12679421283076336,2019-09-17 00:00:00,51.95,0.12962463907603464,-0.015922688975952778
ABBV,2021-12-15 00:00:00,130.23,0.020613529908623206,2021-12-16 00:00:00,131.78,0.02013203824556078,0.011589145602747805
ABBV,2021-12-16 00:00:00,131.78,0.02013203824556078,2021-12-17 00:00:00,129.53,0.020860032424920866,-0.01738497549454002
NOK,2019-05-13 00:00:00,4.82,15.064522821576764,2019-05-14 00:00:00,4.77,15.382389937106918,-6.327160323378357
NOK,2019-05-14 00:00:00,4.77,15.382389937106918,2019-05-15 00:00:00,4.77,15.382389937106918,-6.44963938662764
MA,2019-11-20 00:00:00,285.38,0.0042925222510337094,2019-11-21 00:00:00,284.45,0.00431886095974688,-0.003288987957147656
BEP,2019-05-23 00:00:00,17.3332,1.164903191563012,2019-05-24 00:00:00,17.3811,1.1584709828491868,-0.1312783660496736
BEP,2019-05-24 00:00:00,17.3811,1.1584709828491868,2019-05-28 00:00:00,17.7276,1.1135179042848442,-0.1107806115340245
BEP,2019-05-28 00:00:00,17.7276,1.1135179042848442,2019-05-29 00:00:00,17.5997,1.129763575515492,-0.13375648592027903
BEP,2019-09-30 00:00:00,21.6505,0.746541650308307,2019-10-01 00:00:00,21.7837,0.7374780225581513,-0.062392077451627316
BEP,2019-10-01 00:00:00,21.7837,0.7374780225581513,2019-10-02 00:00:00,21.7784,0.7378182051941373,-0.06796807832242854
NEE,2020-01-24 00:00:00,65.93,0.08047929622326709,2020-01-27 00:00:00,66.685,0.07867586413736223,0.009037537382668813
NEE,2020-01-27 00:00:00,66.685,0.07867586413736223,2020-01-28 00:00:00,66.455,0.07921149650139192,-0.005816710814107478
MDT,2019-02-20 00:00:00,92.8,0.04061961206896552,2019-02-21 00:00:00,92.61,0.04077853363567649,-0.0029245489838861777
CNA,2019-06-14 00:00:00,47.67,0.1539647577092511,2019-06-17 00:00:00,47.04,0.15811011904761904,-0.019762426615415916
MKL,2022-03-23 00:00:00,1469.5,0.00023817625042531473,2022-03-24 00:00:00,1504.21,0.00023268027735489058,0.02361995858691549
MKL,2022-03-24 00:00:00,1504.21,0.00023268027735489058,2022-03-25 00:00:00,1502.58,0.00023293268910806744,-0.0010839348315505452
CBOE,2019-07-16 00:00:00,114.08,0.026875876577840116,2019-07-17 00:00:00,114.2,0.026816987740805605,0.0005812336577958981
CBOE,2019-07-17 00:00:00,114.2,0.026816987740805605,2019-07-18 00:00:00,114.53,0.026678599493582467,0.0024212295338495466
CBOE,2019-07-18 00:00:00,114.53,0.026678599493582467,2019-07-19 00:00:00,114.91,0.026498999216778348,0.0028535964488748153
CBOE,2019-07-19 00:00:00,114.91,0.026498999216778348,2019-07-22 00:00:00,114.52,0.026680929095354522,-0.003856756838500858
ETR,2020-01-24 00:00:00,130.73,0.020454371605599327,2020-01-27 00:00:00,129.55,0.020829795445773833,-0.009342034476029612
LRCX,2019-09-12 00:00:00,234.87,0.006333290756588751,2019-09-13 00:00:00,235.56,0.00629988113431822,0.002884007442879407
LRCX,2019-09-13 00:00:00,235.56,0.00629988113431822,2019-09-16 00:00:00,234.94,0.006331403762662808,-0.002685648178370579
TSM,2021-09-07 00:00:00,124.7,0.02248195669607057,2021-09-08 00:00:00,121.89,0.023545820001640825,-0.022903189869267964
EL,2020-11-16 00:00:00,258.34,0.0052430905008903,2020-11-17 00:00:00,256.95,0.0052986962444055265,-0.0054213121728932286
INVH,2019-06-13 00:00:00,27.09,0.47687338501291987,2019-06-14 00:00:00,27.31,0.46918711094837057,-0.026801790179449687
INVH,2019-06-14 00:00:00,27.31,0.46918711094837057,2019-06-17 00:00:00,27.48,0.4634825327510917,-0.027926387539343123
INVH,2019-06-17 00:00:00,27.48,0.4634825327510917,2019-06-18 00:00:00,27.51,0.4624681933842239,-0.032603738214531094
INVH,2019-06-18 00:00:00,27.51,0.4624681933842239,2019-06-19 00:00:00,27.75,0.4544324324324324,-0.02460562071307381
INVH,2019-06-19 00:00:00,27.75,0.4544324324324324,2019-06-20 00:00:00,27.68,0.4567196531791907,-0.03535683191393247
QGEN,2021-08-27 00:00:00,55.5,0.11357657657657659,2021-08-30 00:00:00,56.04,0.11142041399000714,0.005675729899701233
QGEN,2021-08-30 00:00:00,56.04,0.11142041399000714,2021-08-31 00:00:00,55.82,0.1122984593335722,-0.007917895669585577
AVY,2019-06-10 00:00:00,112.53,0.027619301519594776,2019-06-11 00:00:00,112.27,0.027745613253763252,-0.0028024963545130598
AMC,2019-06-06 00:00:00,11.09,2.8457619477006313,2019-06-07 00:00:00,10.75,3.028558139534884,-0.5603534794621744
AMC,2019-06-07 00:00:00,10.75,3.028558139534884,2019-06-10 00:00:00,10.94,2.9241316270566733,-0.5360641643340983
AMC,2021-01-05 00:00:00,1.98,89.27651515151516,2021-01-06 00:00:00,2.01,86.63109452736319,-88.8270755953931
AMC,2022-01-27 00:00:00,14.52,1.660089531680441,2022-01-28 00:00:00,15.06,1.5431606905710493,-0.18341943679417974
ENTG,2019-09-18 00:00:00,47.59,0.15451775583105695,2019-09-19 00:00:00,47.63,0.15424102456435018,-0.005647379289670283
ENTG,2019-09-19 00:00:00,47.63,0.15424102456435018,2019-09-20 00:00:00,47.52,0.15496632996632995,-0.008801330139212197
ENTG,2020-10-28 00:00:00,74.72,0.06267398286937902,2020-10-29 00:00:00,75.87,0.060801370765783576,0.013738284881756341
CCI,2019-03-12 00:00:00,123.85,0.02280581348405329,2019-03-13 00:00:00,125.01,0.022370210383169345,0.009001404732602204
CCI,2019-03-13 00:00:00,125.01,0.022370210383169345,2019-03-14 00:00:00,124.01,0.02274816547052657,-0.008360278184574866
PSA,2019-03-08 00:00:00,214.32,0.0076101157148189625,2019-03-11 00:00:00,218.84,0.007292999451654177,0.021020422195005294
PSA,2019-03-11 00:00:00,218.84,0.007292999451654177,2019-03-12 00:00:00,218.27,0.007344115086819077,-0.002671527666507406
ORCL,2021-12-31 00:00:00,87.21,0.04599243206054352,2022-01-03 00:00:00,87.9,0.04527303754266212,0.006865434358408569
SLF,2022-03-22 00:00:00,56.21,0.11077210460772104,2022-03-23 00:00:00,55.74,0.11264800861141011,-0.012336241117579189
GLW,2020-07-23 00:00:00,29.8,0.3940436241610738,2020-07-24 00:00:00,29.29,0.40795493342437694,-0.04402679723441121
APO,2019-10-23 00:00:00,41.99,0.19846391998094787,2019-10-24 00:00:00,41.93,0.19899833055091817,-0.01089455228701759
XOM,2020-01-29 00:00:00,64.11,0.08511152706286071,2020-01-30 00:00:00,64.79,0.08335391264083963,0.007979013575047536
XOM,2020-09-15 00:00:00,36.27,0.2660463192721257,2020-09-16 00:00:00,37.81,0.24475006612007402,0.02837616803440294
BMO,2019-09-18 00:00:00,73.22,0.06524856596558318,2019-09-19 00:00:00,73.36,0.06502862595419848,0.00013278896585922604
BMO,2019-09-19 00:00:00,73.36,0.06502862595419848,2019-09-20 00:00:00,73.46,0.06484481350394775,-0.00040721700460955886
BMO,2019-09-20 00:00:00,73.46,0.06484481350394775,2019-09-23 00:00:00,73.08,0.06551724137931035,-0.006947482369769392
CI,2021-03-12 00:00:00,243.46,0.005894192064404831,2021-03-15 00:00:00,245.49,0.005802680353578557,0.008290081030074819
CI,2021-03-15 00:00:00,245.49,0.005802680353578557,2021-03-16 00:00:00,241.69,0.005980801853614134,-0.015527245436503335
CI,2021-12-15 00:00:00,217.46,0.007387565529292744,2021-12-16 00:00:00,218.67,0.007314675081172544,0.005496632757240496
CI,2021-12-16 00:00:00,218.67,0.007314675081172544,2021-12-17 00:00:00,219.62,0.007251161096439304,0.004277834928533439
CI,2021-12-17 00:00:00,219.62,0.007251161096439304,2021-12-20 00:00:00,217.0,0.007419354838709678,-0.01199649629330271
MTB,2022-01-14 00:00:00,185.34,0.010178590698176325,2022-01-18 00:00:00,182.39,0.010515927408300896,-0.016028350696592815
BR,2022-01-11 00:00:00,167.94,0.012400261998332739,2022-01-12 00:00:00,170.44,0.012033560197136823,0.014740777526524664
ES,2020-01-23 00:00:00,91.24,0.04204296361245068,2020-01-24 00:00:00,91.81,0.04151508550266855,0.005331454963666105
ES,2020-01-24 00:00:00,91.81,0.04151508550266855,2020-01-27 00:00:00,91.37,0.041906533873262555,-0.005701139520487134
ES,2020-10-08 00:00:00,92.43,0.04093367954127448,2020-10-09 00:00:00,92.19,0.041154138192862566,-0.0034846675076722197
ES,2021-12-15 00:00:00,90.87,0.042368218333883566,2021-12-16 00:00:00,90.91,0.042311076889231115,-0.0004916836714330274
ES,2021-12-16 00:00:00,90.91,0.042311076889231115,2021-12-17 00:00:00,89.4,0.04376957494407159,-0.01755671160305016
MAR,2019-02-06 00:00:00,117.27,0.025428498337170636,2019-02-07 00:00:00,115.52,0.026207583102493076,-0.01536314557380121
MAR,2019-12-26 00:00:00,153.13,0.014925226931365505,2019-12-27 00:00:00,152.73,0.014987232370850522,-0.002807499897487205
BAP,2021-04-23 00:00:00,120.16,0.024234354194407455,2021-04-26 00:00:00,121.76,0.023599704336399473,0.01291749285510318
TJX,2021-09-10 00:00:00,68.87,0.07379120081312618,2021-09-13 00:00:00,68.7,0.07412663755458515,-0.004616202096235221
TJX,2021-09-13 00:00:00,68.7,0.07412663755458515,2021-09-14 00:00:00,69.48,0.07248848589522165,0.009219576077877663
SYK,2022-01-27 00:00:00,245.33,0.00580646476174948,2022-01-28 00:00:00,248.39,0.005664479246346472,0.012426238356466302
CRL,2019-02-25 00:00:00,145.31,0.01657146789622187,2019-02-26 00:00:00,140.71,0.017660436358467767,-0.03189203705357289
EVRG,2020-01-22 00:00:00,69.11,0.07323108088554478,2020-01-23 00:00:00,70.2,0.070997150997151,0.013685020519712003
EVRG,2020-01-23 00:00:00,70.2,0.070997150997151,2020-01-24 00:00:00,71.37,0.06870533837746952,0.014676602715461168
EVRG,2020-01-24 00:00:00,71.37,0.06870533837746952,2020-01-27 00:00:00,71.75,0.06795121951219511,0.0034096040648778194
EVRG,2020-01-27 00:00:00,71.75,0.06795121951219511,2020-01-28 00:00:00,72.18,0.06715849265724577,0.004109969168370297
EVRG,2020-01-28 00:00:00,72.18,0.06715849265724577,2020-01-29 00:00:00,72.19,0.06714918963845408,-0.001722190112159987
EVRG,2020-01-29 00:00:00,72.19,0.06714918963845408,2020-01-30 00:00:00,72.46,0.0666574661882418,0.0018865957081769357
EVRG,2020-01-30 00:00:00,72.46,0.0666574661882418,2020-01-31 00:00:00,72.16,0.06717710643015522,-0.005987228438012622
FICO,2019-07-11 00:00:00,345.74,0.0029256088390119746,2019-07-12 00:00:00,344.43,0.0029468977731324218,-0.0038059596998095443
FICO,2021-12-13 00:00:00,414.04,0.0020372427784755096,2021-12-14 00:00:00,407.77,0.002102901145253452,-0.015153463781093066
EIX,2021-11-02 00:00:00,63.54,0.08664620711362922,2021-11-03 00:00:00,62.8,0.08872611464968154,-0.014406237358566483
ABC,2021-12-29 00:00:00,133.34,0.019660266986650667,2021-12-30 00:00:00,133.77,0.0195447409733124,0.0029308158995053446
ABC,2021-12-30 00:00:00,133.77,0.0195447409733124,2021-12-31 00:00:00,132.89,0.019805854466099785,-0.006872621629957791
ED,2020-10-08 00:00:00,82.27,0.051689558769903984,2020-10-09 00:00:00,82.55,0.05134463961235615,0.0021510368496139567
ED,2020-10-09 00:00:00,82.55,0.05134463961235615,2020-10-12 00:00:00,82.89,0.0509229098805646,0.002879860090939815
ED,2020-10-12 00:00:00,82.89,0.0509229098805646,2020-10-13 00:00:00,82.32,0.0516156462585034,-0.008113627170214426
ED,2021-08-16 00:00:00,78.25,0.05711821086261981,2021-08-17 00:00:00,77.24,0.058635422061108236,-0.014386627896788915
CERN,2021-12-28 00:00:00,93.0,0.04045698924731183,2021-12-29 00:00:00,93.19,0.040299388346389096,0.001174662606519317
CERN,2021-12-29 00:00:00,93.19,0.040299388346389096,2021-12-30 00:00:00,93.14,0.04032102211724286,-0.0014016569424146457
CERN,2022-01-13 00:00:00,92.19,0.041154138192862566,2022-01-18 00:00:00,92.03,0.04130174942953385,-0.002629958646516958
MT,2019-08-07 00:00:00,14.06,1.7704125177809387,2019-08-08 00:00:00,14.53,1.6577426015141088,-0.21039510094559374
SO,2020-01-24 00:00:00,69.44,0.07258064516129033,2020-01-27 00:00:00,69.74,0.07191712073415545,0.002239375491136892
SO,2020-01-27 00:00:00,69.74,0.07191712073415545,2020-01-28 00:00:00,70.05,0.07129907209136332,0.0023915085628689776
SO,2020-01-28 00:00:00,70.05,0.07129907209136332,2020-01-29 00:00:00,70.1,0.07119828815977176,-0.0013204476838136231
SO,2020-01-29 00:00:00,70.1,0.07119828815977176,2020-01-30 00:00:00,70.85,0.06970359915314045,0.008688988768717243
SO,2020-01-30 00:00:00,70.85,0.06970359915314045,2020-01-31 00:00:00,70.4,0.0705965909090909,-0.008331689344562075
FMC,2019-11-06 00:00:00,97.52,0.03678732567678425,2019-11-07 00:00:00,96.83,0.03730248889806878,-0.007835211388175197
LYFT,2021-02-16 00:00:00,58.455,0.10238645111624327,2021-02-17 00:00:00,58.11,0.10359662708655998,-0.00942576474557873
NET,2021-10-14 00:00:00,165.28,0.012811592449177156,2021-10-15 00:00:00,167.69,0.012439620728725623,0.014428538158410668
NET,2021-10-15 00:00:00,167.69,0.012439620728725623,2021-10-18 00:00:00,180.77,0.010706975714996956,0.0778630413474643
NET,2021-10-18 00:00:00,180.77,0.010706975714996956,2021-10-19 00:00:00,172.89,0.01170108161258604,-0.04371526280537489
CGNX,2021-05-12 00:00:00,73.32,0.06506410256410257,2021-05-13 00:00:00,73.17,0.06534098674320075,-0.003824401108937453
CGNX,2021-05-13 00:00:00,73.17,0.06534098674320075,2021-05-14 00:00:00,74.04,0.06381685575364668,0.010124944068650632
CGNX,2021-07-06 00:00:00,84.79,0.048667295671659394,2021-07-07 00:00:00,85.74,0.047597387450431544,0.010068820814693806
CGNX,2021-07-07 00:00:00,85.74,0.047597387450431544,2021-07-08 00:00:00,84.78,0.04867303609341826,-0.012319459103613836
CCL,2021-11-22 00:00:00,20.33,0.8466797835710773,2021-11-23 00:00:00,20.15,0.8618858560794046,-0.09289550613135662
CCL,2021-11-23 00:00:00,20.15,0.8618858560794046,2021-11-24 00:00:00,20.16,0.861111111111111,-0.08501225643625375
PKI,2019-02-06 00:00:00,93.59,0.03994016454749439,2019-02-07 00:00:00,91.61,0.041682130771749815,-0.022028232667157165
PKI,2021-06-22 00:00:00,153.2,0.014895561357702352,2021-06-23 00:00:00,154.65,0.014620109925638539,0.009272090918516298
PKI,2021-06-23 00:00:00,154.65,0.014620109925638539,2021-06-24 00:00:00,151.55,0.015219399538106236,-0.020238212153014686
SNPS,2021-10-26 00:00:00,328.03,0.0032436057677651437,2021-10-27 00:00:00,319.13,0.003432770344373766,-0.02715201773042741
TD,2019-09-18 00:00:00,57.23,0.1068408177529268,2019-09-19 00:00:00,57.55,0.10563857515204171,0.0018787455372188185
TD,2019-09-19 00:00:00,57.55,0.10563857515204171,2019-09-20 00:00:00,57.68,0.10515776699029127,-0.0014039329651143026
TD,2019-09-20 00:00:00,57.68,0.10515776699029127,2019-09-23 00:00:00,57.68,0.10515776699029127,-0.003646247121715962
TD,2019-09-23 00:00:00,57.68,0.10515776699029127,2019-09-24 00:00:00,57.45,0.10600522193211487,-0.007648456812108188
IRM,2020-06-04 00:00:00,29.06,0.4144356503785272,2020-06-05 00:00:00,29.71,0.396415348367553,-0.005535134161943611
IRM,2020-06-05 00:00:00,29.71,0.396415348367553,2020-06-08 00:00:00,30.56,0.374738219895288,0.0026538684529503497
IRM,2020-06-08 00:00:00,30.56,0.374738219895288,2020-06-09 00:00:00,30.13,0.3854298041818785,-0.03894528874598059
MNST,2021-12-27 00:00:00,94.8,0.038913502109704644,2021-12-28 00:00:00,94.7,0.03899155227032735,-0.001876635594726095
VICI,2019-01-17 00:00:00,20.99,0.7943782753692235,2019-01-18 00:00:00,21.11,0.785386072951208,-0.06954570501764794
VICI,2019-01-18 00:00:00,21.11,0.785386072951208,2019-01-22 00:00:00,20.96,0.7965171755725191,-0.08204184029008646
VICI,2021-09-03 00:00:00,32.03,0.3411489228847955,2021-09-07 00:00:00,31.58,0.3508866371120963,-0.03565518451442081
PPG,2021-10-15 00:00:00,160.3,0.013602620087336243,2021-10-18 00:00:00,157.4,0.01412007623888183,-0.018264021811142943
ABMD,2021-08-30 00:00:00,360.96,0.0026858931737588653,2021-08-31 00:00:00,363.96,0.002634904934608199,0.008296429526517183
ABMD,2021-08-31 00:00:00,363.96,0.002634904934608199,2021-09-01 00:00:00,363.27,0.0026495444159991195,-0.0019103320401983597
SUI,2019-02-08 00:00:00,113.53,0.02712939311195279,2019-02-11 00:00:00,113.56,0.02712222613596337,-0.00021361419226553215
SUI,2019-02-11 00:00:00,113.56,0.02712222613596337,2019-02-12 00:00:00,111.67,0.028051401450702965,-0.017129038636726445
MELI,2021-12-01 00:00:00,1104.2,0.0003169715631226227,2021-12-02 00:00:00,1129.22,0.0003099484599989373,0.022658370838595326
EW,2021-04-05 00:00:00,85.74,0.047597387450431544,2021-04-06 00:00:00,85.41,0.04794520547945205,-0.004963174631792473
XEL,2020-01-24 00:00:00,67.17,0.07753461366681555,2020-01-27 00:00:00,66.92,0.07813807531380754,-0.0060394921688345345
XEL,2021-09-23 00:00:00,62.9,0.08841812400635932,2021-09-24 00:00:00,63.32,0.08727890082122552,0.003883990066334131
TEF,2019-09-10 00:00:00,7.33,6.513915416098226,2019-09-11 00:00:00,7.33,6.513915416098226,-1.7773302636011532
TEF,2019-09-11 00:00:00,7.33,6.513915416098226,2019-09-12 00:00:00,7.41,6.374156545209177,-1.7473495172315694
TEF,2019-09-12 00:00:00,7.41,6.374156545209177,2019-09-13 00:00:00,7.42,6.3570754716981135,-1.7167654543734534
TEF,2019-09-13 00:00:00,7.42,6.3570754716981135,2019-09-16 00:00:00,7.42,6.3570754716981135,-1.7134974317245588
TEF,2019-09-16 00:00:00,7.42,6.3570754716981135,2019-09-17 00:00:00,7.37,6.4434192672998645,-1.7318726063339591
PGR,2019-09-30 00:00:00,77.25,0.058627831715210355,2019-10-01 00:00:00,75.93,0.06070723034373764,-0.018632169088141675
BHP,2020-02-28 00:00:00,43.31,0.18651581620872776,2020-03-02 00:00:00,44.25,0.17867796610169492,0.013271905280295017
CG,2021-10-26 00:00:00,56.29,0.11042813998934092,2021-10-27 00:00:00,55.12,0.11518505079825836,-0.02479327039949547
PCTY,2020-10-15 00:00:00,193.93,0.009294590831743412,2020-10-16 00:00:00,192.8,0.009403526970954356,-0.005923261577902826
AKAM,2020-09-01 00:00:00,119.03,0.024699655549021253,2020-09-02 00:00:00,119.57,0.024471021159153637,0.004123576604988824
AKAM,2020-09-02 00:00:00,119.57,0.024471021159153637,2020-09-03 00:00:00,113.4,0.027191358024691355,-0.052033640371195455
CUK,2021-11-22 00:00:00,18.75,0.9954933333333335,2021-11-23 00:00:00,18.62,1.0093984962406015,-0.11386089757727651
CUK,2021-11-23 00:00:00,18.62,1.0093984962406015,2021-11-24 00:00:00,18.58,1.0138320775026912,-0.11080722737611692
CUK,2021-11-24 00:00:00,18.58,1.0138320775026912,2021-11-26 00:00:00,16.48,1.288501213592233,-0.23693935904708952
CUK,2021-11-26 00:00:00,16.48,1.288501213592233,2021-11-29 00:00:00,16.71,1.2533812088569718,-0.14028412757580128
HDB,2020-03-04 00:00:00,26.49,0.4987731219328049,2020-03-05 00:00:00,25.745,0.5280248591959603,-0.0668855410014632
HDB,2020-03-05 00:00:00,25.745,0.5280248591959603,2020-03-06 00:00:00,25.7,0.5299027237354086,-0.0428404576784373
HDB,2020-03-06 00:00:00,25.7,0.5299027237354086,2020-03-09 00:00:00,24.595,0.5784712339906486,-0.08612350030062474
HDB,2020-03-09 00:00:00,24.595,0.5784712339906486,2020-03-10 00:00:00,25.345,0.544782008285658,-0.015175980576389744
STX,2021-04-27 00:00:00,94.23,0.0394088931338215,2021-04-28 00:00:00,95.2,0.03860294117647059,0.009466074134455167
STX,2021-04-28 00:00:00,95.2,0.03860294117647059,2021-04-29 00:00:00,96.83,0.03730248889806878,0.016324522793334746
STX,2021-04-29 00:00:00,96.83,0.03730248889806878,2021-04-30 00:00:00,92.84,0.0406021111589832,-0.042010787979521305
APH,2021-11-11 00:00:00,82.82,0.05100821057715528,2021-11-12 00:00:00,84.02,0.04957153058795525,0.013274815972408802
APH,2021-11-12 00:00:00,84.02,0.04957153058795525,2021-11-15 00:00:00,84.96,0.04848752354048965,0.010020720612610765
APH,2021-11-15 00:00:00,84.96,0.04848752354048965,2021-11-16 00:00:00,85.04,0.04835959548447789,-0.00019829471545384955
APH,2021-11-16 00:00:00,85.04,0.04835959548447789,2021-11-17 00:00:00,84.9,0.04852179034157833,-0.002785528996073219
JKHY,2019-11-07 00:00:00,148.65,0.015822401614530777,2019-11-08 00:00:00,149.51,0.01563774998327871,0.0055737628550431104
JKHY,2019-11-08 00:00:00,149.51,0.01563774998327871,2019-11-11 00:00:00,148.66,0.01582133727969864,-0.005895653048377916
ZNGA,2020-10-01 00:00:00,9.49,3.8861433087460484,2020-10-02 00:00:00,9.32,4.029130901287554,-0.851978315072034
CNQ,2019-01-10 00:00:00,26.91,0.4833147528799703,2019-01-11 00:00:00,27.16,0.47435567010309276,-0.02629767458131044
CNQ,2019-01-11 00:00:00,27.16,0.47435567010309276,2019-01-14 00:00:00,27.34,0.46816020482809073,-0.02807495857625868
CNQ,2019-01-14 00:00:00,27.34,0.46816020482809073,2019-01-15 00:00:00,28.07,0.444139650872818,-0.006667880603544546
CNQ,2019-01-15 00:00:00,28.07,0.444139650872818,2019-01-16 00:00:00,27.59,0.45973178687930416,-0.04930072809946989
GPC,2019-09-10 00:00:00,97.18,0.03706009466968512,2019-09-11 00:00:00,98.05,0.03637429882712902,0.00819680599406441
GPC,2019-09-11 00:00:00,98.05,0.03637429882712902,2019-09-12 00:00:00,97.52,0.03678732567678425,-0.006151571897031227
ZEN,2019-11-22 00:00:00,78.9,0.0562040557667934,2019-11-25 00:00:00,78.33,0.05701519213583557,-0.008659306057067702
TRGP,2019-10-29 00:00:00,41.08,0.20737585199610517,2019-10-30 00:00:00,40.23,0.21619438230176485,-0.03100219655058109
BP,2019-09-10 00:00:00,37.84,0.24437103594080337,2019-09-11 00:00:00,37.8,0.24490740740740743,-0.013987273872838749
AEP,2020-01-24 00:00:00,102.16,0.03350626468285043,2020-01-27 00:00:00,101.78,0.03376891334250344,-0.004378183026873045
AEP,2020-10-08 00:00:00,89.38,0.04377936898635042,2020-10-09 00:00:00,89.82,0.043370073480293925,0.003947757412545964
AEP,2020-10-09 00:00:00,89.82,0.043370073480293925,2020-10-12 00:00:00,90.48,0.04274425287356322,0.006389286057071476
AEP,2020-10-12 00:00:00,90.48,0.04274425287356322,2020-10-13 00:00:00,89.23,0.043931413201837945,-0.014773161649816463
AEP,2021-09-23 00:00:00,82.31,0.05162191714251002,2021-09-24 00:00:00,82.05,0.051956124314442416,-0.004417179461267901
AEP,2021-09-24 00:00:00,82.05,0.051956124314442416,2021-09-27 00:00:00,81.36,0.05286996066863323,-0.00968709427157918
AEP,2021-09-27 00:00:00,81.36,0.05286996066863323,2021-09-28 00:00:00,81.28,0.052965059055118106,-0.002284107912042035
AEP,2021-09-28 00:00:00,81.28,0.052965059055118106,2021-09-29 00:00:00,82.17,0.05179505902397469,0.009660923744105753
APTV,2022-01-28 00:00:00,130.98,0.020388608947930983,2022-01-31 00:00:00,136.58,0.018758236930736562,0.04245574251123326
LNT,2020-01-22 00:00:00,57.75,0.10490909090909091,2020-01-23 00:00:00,58.46,0.10237769414984606,0.00870499073491026
LNT,2020-01-23 00:00:00,58.46,0.10237769414984606,2020-01-24 00:00:00,58.93,0.10072967928050229,0.00456538875418491
LNT,2020-01-24 00:00:00,58.93,0.10072967928050229,2020-01-27 00:00:00,58.83,0.10107938126806053,-0.0051214841430267085
NTAP,2021-09-03 00:00:00,91.35,0.04191570881226054,2021-09-07 00:00:00,90.0,0.04320555555555556,-0.015710139730353675
NXPI,2021-08-11 00:00:00,218.42,0.007323047339987182,2021-08-12 00:00:00,214.53,0.007602666293758449,-0.017878059306078796
TTD,2020-10-09 00:00:00,61.31100000000001,0.09310727275692778,2020-10-12 00:00:00,62.666000000000004,0.08908339450419686,0.019128856693560355
TTD,2020-10-12 00:00:00,62.666000000000004,0.08908339450419686,2020-10-13 00:00:00,65.072,0.08261617900172118,0.03565410950904936
TTD,2020-10-13 00:00:00,65.072,0.08261617900172118,2020-10-14 00:00:00,65.396,0.0818322221542602,0.0024519240048564415
TTD,2020-10-14 00:00:00,65.396,0.0818322221542602,2020-10-15 00:00:00,60.001000000000005,0.09718171363810603,-0.08523478402031263
EQR,2019-01-17 00:00:00,69.91,0.07159204691746532,2019-01-18 00:00:00,70.12,0.0711779806046777,0.0009616646041750153
EQR,2019-01-18 00:00:00,70.12,0.0711779806046777,2019-01-22 00:00:00,70.4,0.0705965909090909,0.0019712696589594546
EQR,2019-01-22 00:00:00,70.4,0.0705965909090909,2019-01-23 00:00:00,70.34,0.07070656809781063,-0.002859419872257069
TWTR,2020-08-26 00:00:00,41.08,0.20737585199610517,2020-08-27 00:00:00,40.39,0.21447140381282495,-0.02706541518522213
TWTR,2021-02-16 00:00:00,73.96,0.063980530016225,2021-02-17 00:00:00,71.79,0.06786460509820308,-0.031122838495327466
PXD,2019-10-01 00:00:00,121.73,0.02360552041403105,2019-10-02 00:00:00,120.98,0.02389651182013556,-0.006551400905562948
PXD,2019-10-02 00:00:00,120.98,0.02389651182013556,2019-10-03 00:00:00,124.69,0.022483759724115808,0.030282854425985637
PXD,2019-12-24 00:00:00,151.8,0.015171277997364953,2019-12-26 00:00:00,152.08,0.015120331404523934,0.00164498281026436
PXD,2019-12-26 00:00:00,152.08,0.015120331404523934,2019-12-27 00:00:00,151.78,0.015173277111608907,-0.0021718411922418686
PXD,2022-01-14 00:00:00,215.7,0.007512749188687993,2022-01-18 00:00:00,216.09,0.007482993197278911,0.001738545468771681
PXD,2022-01-18 00:00:00,216.09,0.007482993197278911,2022-01-19 00:00:00,219.06,0.007285675157491098,0.013675928231964564
PXD,2022-01-19 00:00:00,219.06,0.007285675157491098,2022-01-20 00:00:00,215.0,0.007569767441860465,-0.018601549541675144
IQV,2021-04-28 00:00:00,236.02,0.006272773493771713,2021-04-29 00:00:00,235.45,0.006302824378849013,-0.0024683314883172935
MUFG,2022-01-14 00:00:00,6.27,8.902392344497608,2022-01-18 00:00:00,6.14,9.28355048859935,-2.9212030036837255
TLK,2020-10-29 00:00:00,17.25,1.1762028985507247,2020-10-30 00:00:00,17.09,1.198273844353423,-0.1469261879944433
TLK,2020-10-30 00:00:00,17.09,1.198273844353423,2020-11-02 00:00:00,17.35,1.162564841498559,-0.12292795119087063
BX,2019-04-25 00:00:00,40.14,0.21720229197807675,2019-04-26 00:00:00,40.19,0.21667081363523266,-0.00956335589470133
BX,2019-04-26 00:00:00,40.19,0.21667081363523266,2019-04-29 00:00:00,40.51,0.21323130091335474,-0.002734563686205256
BX,2019-04-29 00:00:00,40.51,0.21323130091335474,2019-04-30 00:00:00,39.46,0.2247592498732894,-0.036731437935982256
BX,2019-06-17 00:00:00,44.24,0.17879746835443036,2019-06-18 00:00:00,43.39,0.18584927402627333,-0.027455848607158863
BX,2021-09-03 00:00:00,129.0,0.021027131782945737,2021-09-07 00:00:00,127.07,0.021649484536082474,-0.015292066793170812
BX,2021-10-26 00:00:00,142.16,0.017307962858750706,2021-10-27 00:00:00,136.49,0.018770605905194516,-0.040138425497776645
ABB,2021-01-08 00:00:00,30.26,0.3821546596166556,2021-01-11 00:00:00,30.04,0.3877496671105193,-0.03271329566183668
BKR,2020-02-28 00:00:00,16.09,1.3519266625233064,2020-03-02 00:00:00,17.17,1.1871869539895166,-0.09068450071552663
ENIA,2019-09-18 00:00:00,9.08,4.245099118942732,2019-09-19 00:00:00,9.07,4.2544101433296575,-0.9371706235982806
KDP,2019-07-19 00:00:00,27.63,0.458432862830257,2019-07-22 00:00:00,27.61,0.4590184715682724,-0.03392874898293622
KDP,2019-07-22 00:00:00,27.61,0.4590184715682724,2019-07-23 00:00:00,27.72,0.4554292929292929,-0.029136101575427877
ING,2022-01-14 00:00:00,15.52,1.4529961340206186,2022-01-18 00:00:00,15.27,1.5008513425016372,-0.2064334714254031
PPL,2019-03-05 00:00:00,32.48,0.33168103448275865,2019-03-06 00:00:00,32.36,0.3342088998763906,-0.024196118668692746
PPL,2020-10-08 00:00:00,29.11,0.41300240467193405,2020-10-09 00:00:00,28.94,0.4178472702142364,-0.03438164461993023
WEC,2020-01-23 00:00:00,98.7,0.03592198581560284,2020-01-24 00:00:00,98.96,0.035721503637833475,0.0019083739670370313
WEC,2020-01-24 00:00:00,98.96,0.035721503637833475,2020-01-27 00:00:00,98.5,0.03606598984771574,-0.005373762060282319
WPC,2019-01-30 00:00:00,74.14,0.06363636363636363,2019-01-31 00:00:00,74.89,0.062391507544398456,0.00841613338035113
WPC,2019-01-31 00:00:00,74.89,0.062391507544398456,2019-02-01 00:00:00,74.45,0.06313633310946944,-0.007551446663825227
BAX,2021-03-24 00:00:00,82.08,0.051937134502923976,2021-03-25 00:00:00,83.41,0.05026975182831796,0.014958493100252835
BAX,2021-03-25 00:00:00,83.41,0.05026975182831796,2021-03-26 00:00:00,85.95,0.04735892961023851,0.029281516827256226
BAX,2021-03-26 00:00:00,85.95,0.04735892961023851,2021-03-29 00:00:00,86.03,0.04727420667209113,-0.00017025173103347923
BAX,2021-03-29 00:00:00,86.03,0.04727420667209113,2021-03-30 00:00:00,85.58,0.04776817013320869,-0.006335492000526543
TTM,2019-02-26 00:00:00,12.85,2.1196108949416343,2019-02-27 00:00:00,12.37,2.28730800323363,-0.3803049726206432
ATO,2020-01-24 00:00:00,117.38,0.025374850911569262,2020-01-27 00:00:00,116.39,0.025831256980840277,-0.008870387697158007
PTC,2020-12-17 00:00:00,118.47,0.02493458259474973,2020-12-18 00:00:00,118.39,0.024951431708759186,-0.0010963620689078124
AIG,2019-01-18 00:00:00,44.16,0.17943840579710146,2019-01-22 00:00:00,43.36,0.1861392988929889,-0.0263944226605545
VIV,2019-06-04 00:00:00,12.92,2.0964783281733745,2019-06-05 00:00:00,12.73,2.1596622152395915,-0.3441285250319633
VIV,2019-07-17 00:00:00,14.33,1.7043265875785067,2019-07-18 00:00:00,14.39,1.6901667824878388,-0.232693187024867
VIV,2019-07-18 00:00:00,14.39,1.6901667824878388,2019-07-19 00:00:00,14.27,1.718605466012614,-0.24522392275889185
C,2021-06-17 00:00:00,68.86,0.07380191693290734,2021-06-18 00:00:00,67.61,0.076564117734063,-0.020336422228680994
C,2021-06-18 00:00:00,67.61,0.076564117734063,2021-06-21 00:00:00,68.45,0.07465303140978817,0.010187588387163982
CM,2019-09-18 00:00:00,82.72,0.05111218568665377,2019-09-19 00:00:00,83.82,0.049815079933190176,0.012077765164170086
CM,2019-09-19 00:00:00,83.82,0.049815079933190176,2019-09-20 00:00:00,83.68,0.049982074569789675,-0.0028608584407416636
CM,2019-10-23 00:00:00,85.56,0.04777933613838242,2019-10-24 00:00:00,85.47,0.04791154791154791,-0.002170300187586874
EBR,2019-12-12 00:00:00,8.83,4.488958097395244,2019-12-13 00:00:00,8.72,4.602580275229358,-1.0420768258918007
AQN,2020-01-30 00:00:00,15.35,1.4852768729641694,2020-01-31 00:00:00,15.31,1.4930437622468973,-0.19663326613752868
WM,2020-01-15 00:00:00,118.22,0.025016917611233293,2020-01-16 00:00:00,119.49,0.02448740480374927,0.010323935692649352
WM,2020-01-16 00:00:00,119.49,0.02448740480374927,2020-01-17 00:00:00,119.65,0.024425407438361888,0.0009296776948523136
WM,2020-01-17 00:00:00,119.65,0.024425407438361888,2020-01-21 00:00:00,120.41,0.024125903164189024,0.00594608181694478
WM,2020-01-21 00:00:00,120.41,0.024125903164189024,2020-01-22 00:00:00,120.32,0.02417303856382979,-0.001148566910788342
WM,2022-01-27 00:00:00,146.25,0.016345299145299145,2022-01-28 00:00:00,147.9,0.015997295469912104,0.011060905335964571
BIO,2022-01-27 00:00:00,564.67,0.0010971009616236034,2022-01-28 00:00:00,593.0,0.0009915682967959528,0.050167197355520395
WIT,2019-01-30 00:00:00,4.14,20.420048309178746,2019-01-31 00:00:00,4.27,19.195901639344264,-9.53766906969155
WIT,2019-01-31 00:00:00,4.27,19.195901639344264,2019-02-01 00:00:00,4.225,19.606627218934914,-9.097781934023228
WIT,2022-01-27 00:00:00,7.08,6.9822033898305085,2022-01-28 00:00:00,7.41,6.374156545209177,-1.8398813467570174
TU,2019-01-14 00:00:00,17.19,1.1843804537521814,2019-01-15 00:00:00,17.185,1.1851323828920572,-0.138133382003737
TU,2020-06-08 00:00:00,19.02,0.9673764458464774,2020-06-09 00:00:00,18.08,1.0705199115044248,-0.15656658030236087
ADP,2019-02-13 00:00:00,150.46,0.015445965705170808,2019-02-14 00:00:00,148.15,0.015923050961862976,-0.015561405135365178
RGEN,2020-01-21 00:00:00,101.01,0.0343035343035343,2020-01-22 00:00:00,100.85,0.034392662369856226,-0.0022640946111612405
BTI,2022-01-14 00:00:00,42.45,0.19416961130742047,2022-01-18 00:00:00,43.27,0.18693089900623988,0.01033921059331767
BTI,2022-01-18 00:00:00,43.27,0.18693089900623988,2022-01-19 00:00:00,42.87,0.19038954980172618,-0.017964419893875132
SIRI,2019-07-12 00:00:00,6.07,9.499011532125206,2019-07-15 00:00:00,6.04,9.593708609271523,-3.150365756408028
XYL,2019-10-29 00:00:00,84.77,0.048678777869529316,2019-10-30 00:00:00,84.06,0.04950630502022365,-0.009533857294912707
URI,2019-10-23 00:00:00,133.67,0.019585546495099873,2019-10-24 00:00:00,132.0,0.0200719696969697,-0.012790136277340219
MET,2021-02-16 00:00:00,56.01,0.11154258168184254,2021-02-17 00:00:00,55.41,0.11395055044215846,-0.014738316945616893
ARE,2021-10-26 00:00:00,209.0,0.008004784688995216,2021-10-27 00:00:00,205.91,0.008243892962944976,-0.014862433864363455
VEEV,2019-03-21 00:00:00,128.62,0.02114367905457938,2019-03-22 00:00:00,123.12,0.023083170890188433,-0.04310548009597857
CMG,2021-11-30 00:00:00,1643.41,0.00021297180861744785,2021-12-01 00:00:00,1602.08,0.0002184659942075302,-0.025149190669281004
CMG,2021-12-01 00:00:00,1602.08,0.0002184659942075302,2021-12-02 00:00:00,1611.44,0.00021719704115573645,0.005842132937783816
